url,source,category,district,property_id,title,total_price_raw,property_type,property_face,year_built,road_type,negotiable,furnishing,city_area,pricing_raw,purpose,property_area,built_up_area,road_access,dimension,date_posted,views,municipality,ward_no,ring_road,landmark,hospital,airport,pharmacy,bhatbhateni,school,college,gym,public_transport,police_station,pashupatinath,boudhanath,atm,hotel,restaurant,banquet,ward_office,neighborhood,bedrooms,kitchens,bathrooms,living_rooms,parking,total_floors
https://lalpurjanepal.com.np/properties/south-face-house-for-sale-at-bode-8384,lalpurja,house,Bhaktapur,8384,Property Details,1 Crore 65 Lakh,Residential,South,2081,Gravelled,No,Unfurnished,"Bhaktapur, Bode",1 Crore 65 Lakh,Sale,4 Aana,1950 square-feet,13 Feet,F 40 Feet,2025 September 17,450,Madhyapur Thimi,3.0,5km,Bode |  Nilbarai Temple,2km,4.6km,400m,2.6km,500m,2km,600m,200m,600m,5.2km,5.7km,600m,800m,600m,650m,900m,Bode,4,2,2,2,5,2
https://lalpurjanepal.com.np/properties/east-face-semi-bungalow-for-sale-at-gatthaghar-8319,lalpurja,house,Bhaktapur,8319,Property Details,4 Crore 10 Lakh,Residential,East,2081,Soil Stabilized,Yes,Full Furnished,"Bhaktapur, Gatthaghar",4 Crore 10 Lakh,Sale,4 Aana,4800 square-feet,20 Feet,,2025 September 4,471,Madhyapur Thimi,2.0,2.5km,Gatthaghar | Chandreshwori Marg,4km,6km,300m,3km,400m,2km,500m,200m,1km,8km,12km,300m,500m,300m,600m,300m,Gatthaghar,9,2,7,2,5,4.5
https://lalpurjanepal.com.np/properties/house-for-sale-at-sipadolbhaktapur-8294,lalpurja,house,Bhaktapur,8294,Property Details,1 Crore 65 Lakh,Residential,South,2081,Soil Stabilized,Yes,Unfurnished,"Bhaktapur, Sipadol",1 Crore 65 Lakh,Sale,3 Aana,1820.63 square-feet,13 Feet,,2025 September 2,533,Suryabinayak,8.0,12km,Sipadol | Sipadol Planning,2.3km,15km,1km,6.2km,1km,3km,4km,200m,1km,17km,,2km,2km,2km,2km,,Sipadol,5,1,3,1,1,2.5
https://lalpurjanepal.com.np/properties/house-for-sale-at-sudalbhaktapur-8183,lalpurja,house,Bhaktapur,8183,Property Details,1 Crore 35 Lakh,Residential,South,2080,Soil Stabilized,Yes,Unfurnished,"Bhaktapur, Sudal",1 Crore 35 Lakh,Sale,4 Aana,945.78 square-feet,13 Feet,,2025 August 24,172,Changunarayan,8.0,20km,Sudal | Worke Pali,3.4km,16km,3km,8.3km,500m,3km,3.5km,200m,300m,18km,,3.5km,4km,4km,3.4km,2km,Sudal,2,1,1,1,1,1
https://lalpurjanepal.com.np/properties/house-for-sale-at-balkot-8146,lalpurja,house,Bhaktapur,8146,Property Details,2 Crore 40 Lakh,Residential,West,2076,Gravelled,Yes,Unfurnished,"Bhaktapur, Balkot",2 Crore 40 Lakh,Sale,3.37 Aana,1026.75 square-feet,13 Feet,F 39 Feet,2025 August 20,434,Suryabinayak,2.0,,Balkot | Banglamukhi Mandir,1.5km,5km,,2km,,,,500m,,7km,11km,,,,500m,500m,Balkot,4,3,3,3,1,3
https://lalpurjanepal.com.np/properties/house-for-sale-at-radhe-radhebhaktapur-8143,lalpurja,house,Bhaktapur,8143,Property Details,3 Crore 90 Lakh,Residential,South,2078,Blacktopped,Yes,Semi Furnished,"Bhaktapur, Radhe Radhe",3 Crore 90 Lakh,Sale,3.87 Aana,3085.6 square-feet,20 Feet,,2025 August 20,270,Suryabinayak,5.0,12km,Radhe Radhe | Bhatbhateni Super Market,1.5km,9km,700m,800m,1km,1km,1km,800m,800m,11km,,700m,700m,700m,1km,,Radhe Radhe,4,1,5,1,1,3.5
https://lalpurjanepal.com.np/properties/commercial-house-for-salt-at-naya-thimi-8021,lalpurja,house,Bhaktapur,8021,Property Details,4 Crore,Commercial,West,2068,Blacktopped,Yes,Unfurnished,"Bhaktapur, Madhyapur Thimi",4 Crore,Sale,7.37 Aana,,20 Feet,,2025 August 12,222,Suryabinayak,3.0,,Bhaktapur | Madhyapur Thimi,500m,8km,,1.5km,,,,,,10km,14km,,,,,1.5km,Madhyapur Thimi,20,4,6,,1,4.5
https://lalpurjanepal.com.np/properties/bunglow-for-sale-at-adhikari-tole-balkot-8020,lalpurja,house,Bhaktapur,8020,Property Details,9 Crore,Residential,North-East,2077,Blacktopped,Yes,Full Furnished,"Bhaktapur, Balkot",9 Crore,Sale,11.5 Aana,3407 square-feet,24 Feet,F 41 | L 90 Feet,2025 August 12,372,Suryabnayak,3.0,,Balkot | Kathmandu School of Law,1km,8.5km,,2.5km,500k,500m,,200m,,10km,15km,,,,500m,800m,Balkot,7,2,7,2,4,3
https://lalpurjanepal.com.np/properties/house-for-sale-in-bhaktapur-8015,lalpurja,house,Bhaktapur,8015,Property Details,1 Crore 80 Lakh,Residential,South-West,2078,Soil Stabilized,Yes,Semi Furnished,"Bhaktapur, Bhaktapur",1 Crore 80 Lakh,Sale,4.25 Aana,760 square-feet,20 Feet,,2025 August 12,540,Changunarayan,8.0,,Bhaktapur | District Court,2km,14km,,6km,,2km,,50m,,16km,20km,,,,500m,800m,Bhaktapur,2,1,1,1,1,1
https://lalpurjanepal.com.np/properties/house-for-sale-at-duwakotbhaktapur-7991,lalpurja,house,Bhaktapur,7991,Property Details,3 Crore 10 Lakh,Residential,North-West,2074,Blacktopped,Yes,Semi Furnished,"Bhaktapur, Duwakot",3 Crore 10 Lakh,Sale,5 Aana,2785.91 square-feet,20 Feet,,2025 August 11,168,Changunarayan,2.0,15km,Duwakot | Changunarayan Ward Office No.2,1.5km,12km,500m,3.5km,500m,2km,4km,200m,500m,14km,,2km,2km,2km,2km,500m,Duwakot,6,1,4,2,2,3.5
https://lalpurjanepal.com.np/properties/house-for-sale-at-dadhikot-7978,lalpurja,house,Bhaktapur,7978,Property Details,2 Crore 35 Lakh,Residential,North-East,2081,Blacktopped,No,Semi Furnished,"Bhaktapur, Dadhikot",2 Crore 35 Lakh,Sale,3.25 Aana,1812 square-feet,13 Feet,,2025 August 11,328,Suryabinayak,3.0,6.5km,Dadhikot | Pani Tanki,1.5km,8km,300m,2km,100m,900m,,300m,,11km,15km,,,,200m,900m,Dadhikot,5,1,3,1,1,2.5
https://lalpurjanepal.com.np/properties/luxury-house-for-sale-at-sanothimi-7961,lalpurja,house,Bhaktapur,7961,Property Details,3 Crore 99 Lakh,Residential,South,2080,Blacktopped,Yes,Full Furnished,"Bhaktapur, Sanothimi",3 Crore 99 Lakh,Sale,5 Aana,4141 square-feet,13 Feet,F 42 Feet,2025 August 10,261,Madhyapur Thimi,4.0,4.6km,Sanothimi | Magar Gaun,1km,5km,,3km,,,,300m,,8km,8km,,,,300m,800m,Sanothimi,6,2,5,3,2,3
https://lalpurjanepal.com.np/properties/house-for-sale-at-kharipatibhaktapur-7856,lalpurja,house,Bhaktapur,7856,Property Details,1 Crore 75 Lakh,Residential,South,2078,Soil Stabilized,Yes,Semi Furnished,"Bhaktapur, Kharipati",1 Crore 75 Lakh,Sale,3.87 Aana,1609.14 square-feet,20 Feet,,2025 August 5,592,Changunarayan,7.0,20km,Kharipati | NEA Training Centre,3.1km,15km,2km,7.2km,2km,2km,3km,200m,1km,17km,,2km,3km,3km,3km,4km,Kharipati,3,1,2,2,1,2
https://lalpurjanepal.com.np/properties/house-for-sale-at-radhe-radhe-7852,lalpurja,house,Bhaktapur,7852,Property Details,3 Crore 90 Lakh,Residential,South-West,2075,Gravelled,Yes,Semi Furnished,"Bhaktapur, Bhaktapur",3 Crore 90 Lakh,Sale,5.37 Aana,,20 Feet,F 72 Feet,2025 August 5,250,Madhyapur Thimi,9.0,8km,Radhe Radhe | Pipalbot,500m,5km,200m,500m,500m,500m,500m,200m,500m,10km,10km,500m,100m,100m,200m,500m,Bhaktapur,7,3,5,3,2,3.5
https://lalpurjanepal.com.np/properties/house-for-sale-at-naya-thimibhaktapur-7845,lalpurja,house,Bhaktapur,7845,Property Details,2 Crore 35 Lakh,Residential,South-West,2081,Gravelled,Yes,Full Furnished,"Bhaktapur, Madhyapur Thimi",2 Crore 35 Lakh,Sale,3.25 Aana,2018.41 square-feet,20 Feet,,2025 August 3,809,Suryabinayak,4.0,12km,Madhyapur Thimi | Mid Valley School,1km,8.2km,1km,2.1km,500m,500m,1km,500m,1km,10km,,1km,1km,1km,1km,,Madhyapur Thimi,4,2,4,2,1,2.5
https://lalpurjanepal.com.np/properties/house-for-sale-at-srijana-nagarbhaktapur-7844,lalpurja,house,Bhaktapur,7844,Property Details,3 Crore,Residential,South-East,2078,Blacktopped,Yes,Semi Furnished,"Bhaktapur, Sallaghari",3 Crore,Sale,3.75 Aana,3395.86 square-feet,20 Feet,,2025 August 3,261,Bhaktapur,1.0,15km,Sallaghari | Srijananagar,2.5km,10km,500m,1km,500m,1km,1km,1km,1km,12km,,1km,1km,1km,1km,,Sallaghari,13,1,3,1,1,3.5
https://lalpurjanepal.com.np/properties/house-for-sale-at-sanothimi-7837,lalpurja,house,Bhaktapur,7837,Property Details,2 Crore 90 Lakh,Residential,North,2080,Paved,Yes,Semi Furnished,"Bhaktapur, Sanothimi",2 Crore 90 Lakh,Sale,3 Aana,216.825 square-feet,20 Feet,F 30 Feet,2025 August 3,427,Madhyapur Thimi,5.0,3.5km,Magar Gaun | Sanothimi,2km,3km,300m,3km,500m,500m,500m,300m,,12km,12km,,,,,1.2km,Sanothimi,5,2,3,2,1,3
https://lalpurjanepal.com.np/properties/house-for-sale-wt-duwakot-mod-7816,lalpurja,house,Bhaktapur,7816,Property Details,1 Crore 80 Lakh,Residential,South-West,2075,Paved,Yes,Unfurnished,"Bhaktapur, Duwakot",1 Crore 80 Lakh,Sale,3 Aana,,13 Feet,F 47 Feet,2025 August 1,541,Changunarayan,2.0,6.5km,Bhaktapur | Duwakot Mode,400m,8km,200m,1km,300m,500m,400m,1m,800m,12km,16km,200m,200m,200m,400m,1km,Duwakot,7,1,3,1,1,2.5
https://lalpurjanepal.com.np/properties/house-for-sale-at-suryabinayak-7802,lalpurja,house,Bhaktapur,7802,Property Details,3 Crore 50 Lakh,Residential,West,2073,Gravelled,Yes,Semi Furnished,"Bhaktapur, Suryabinayak",3 Crore 50 Lakh,Sale,5 Aana,,13 Feet,F 30 Feet,2025 July 30,126,Suryabinayak,7.0,7km,Suryabinayak | Pandubazaar,1km,12km,,4km,400m,1km,200m,400m,,12km,16km,,,,,300m,Suryabinayak,6,3,4,3,1,3.5
https://lalpurjanepal.com.np/properties/commercial-house-for-sale-at-palasebhaktapur-7800,lalpurja,house,Bhaktapur,7800,Property Details,4 Crore 15 Lakh,Commercial,North-West,2074,Blacktopped,Yes,Semi Furnished,"Bhaktapur, Suryabinayak",4 Crore 15 Lakh,Sale,8.31 Aana,3849.27 square-feet,40 Feet,,2025 July 30,191,Suryabinayak,10.0,22km,Suryabinayak | Kathmandu Fun Valley,5km,16km,500m,8km,3km,3km,5km,10m,1km,18km,,5km,10m,10m,5km,,Suryabinayak,5,1,6,1,3,2
https://lalpurjanepal.com.np/properties/house-for-sale-at-suryabinayak-7750,lalpurja,house,Bhaktapur,7750,Property Details,2 Crore 40 Lakh,Residential,South,2078,Paved,Yes,Unfurnished,"Bhaktapur, Suryabinayak",2 Crore 40 Lakh,Sale,4 Aana,2507 square-feet,13 Feet,,2025 July 28,258,Suryabinayak,8.0,,Suryabinayak | Pariwartan Tole,2km,12km,200m,3km,100km,1km,500m,800m,800m,14km,18km,500m,500m,500m,500m,1.5km,Suryabinayak,6,2,3,2,1,2.5
https://lalpurjanepal.com.np/properties/house-for-sell-at-katunjebhaktapur-7728,lalpurja,house,Bhaktapur,7728,Property Details,1 Crore 75 Lakh,Residential,South,2068,Paved,Yes,Unfurnished,"Bhaktapur, Suryabinayak",1 Crore 75 Lakh,Sale,2.81 Aana,1870.8 square-feet,13 Feet,,2025 July 27,218,Suryabinayak,5.0,15km,Katunje | Pandubazar,2km,11km,200m,2.8km,1km,2km,1km,500m,500m,11km,,200m,500m,300m,500m,,Suryabinayak,11,2,4,1,1,3.5
https://lalpurjanepal.com.np/properties/house-for-sale-at-sudalbhaktapur-7683,lalpurja,house,Bhaktapur,7683,Property Details,1 Crore 90 Lakh,Residential,North-West,2081,Soil Stabilized,Yes,Semi Furnished,"Bhaktapur, Sudal",1 Crore 90 Lakh,Sale,3 Aana,2016.78 square-feet,13 Feet,,2025 July 23,244,Changunarayan,8.0,20km,Sudal | Worke Pali,3.1km,16km,3km,8.1km,2km,3km,3.5km,500meter,2km,18km,,3km,3km,3km,3km,,Sudal,8,2,3,1,1,2.5
https://lalpurjanepal.com.np/properties/house-for-sale-at-sudalbhaktapur-7682,lalpurja,house,Bhaktapur,7682,Property Details,43 Lakh Per Aana,Commercial,East,,Blacktopped,No,Unfurnished,"Bhaktapur, Suryabinayak",43 Lakh Per Aana,Sale,4.12 Aana,,26 Feet,F 31.5 Feet | 45 Feet,2025 July 23,293,Suryabinayak,10.0,20km,Bhaktapur | Kathmandu Fun Valley,4km,16km,3km,8km,1km,1km,5km,20m,1km,18km,,3km,3km,3km,3km,,Suryabinayak,,,,,,
https://lalpurjanepal.com.np/properties/house-for-sale-at-saraswatikhel-7666,lalpurja,house,Bhaktapur,7666,Property Details,2 Crore 50 Lakh,Residential,South-West,2078,Gravelled,Yes,Semi Furnished,"Bhaktapur, Saraswatikhel",2 Crore 50 Lakh,Sale,4 Aana,,10 Feet,,2025 July 22,163,Changunarayan,1.0,8km,Bhaktapur | Saraswati Temple,2.5km,12km,500m,,500m,1km,1km,800m,800m,8km,8km,800m,800m,800m,800m,1.5km,Saraswatikhel,6,2,3,3,1,2.5
https://lalpurjanepal.com.np/properties/house-for-sale-at-naya-thimi-7649,lalpurja,house,Bhaktapur,7649,Property Details,2 Crore 50 Lakh,Residential,North-West,2074,Blacktopped,Yes,Semi Furnished,"Bhaktapur, Madhyapur Thimi",2 Crore 50 Lakh,Sale,4 Aana,,16 Feet,,2025 July 22,504,Madhyapur Thimi,3.0,5km,Naya Thimi | Srijansil Tole,400m,8km,200m,2km,200m,200m,200m,500m,400m,10km,14km,200m,200m,200m,200m,600m,Madhyapur Thimi,6,2,4,3,1,2.5
https://lalpurjanepal.com.np/properties/bunglow-for-sale-at-balkot-dharapati-7577,lalpurja,house,Bhaktapur,7577,Property Details,7 Crore,Residential,South-West,2076,Paved,Yes,Full Furnished,"Bhaktapur, Balkot",7 Crore,Sale,13 Aana,,20 Feet,,2025 July 16,280,Suryabinayak,8.0,3km,Balkot | Dharapati Chowk,500m,6.7km,100m,3km,100m,100m,100m,,100m,8km,12km,100m,100m,100m,200m,200m,Balkot,6,1,6,1,2,2.5
https://lalpurjanepal.com.np/properties/north-east-face-house-for-sale-at-jhaukhel-7525,lalpurja,house,Bhaktapur,7525,Property Details,1 Crore 45 Lakh,Residential,North-East,2081,Gravelled,Yes,Unfurnished,"Bhaktapur, Duwakot",1 Crore 45 Lakh,Sale,3.75 Aana,835 square-feet,16 Feet,F 28 Feet,2025 July 13,408,Changunarayan,2.0,10km,Duwakot | Pipalbot,6.1km,13km,500m,5.1km,1km,3km,500m,30m,500m,13km,13km,600m,2km,800m,900m,900m,Duwakot,1,1,1,1,4,1
https://lalpurjanepal.com.np/properties/house-for-sale-at-gatthaghar-7523,lalpurja,house,Bhaktapur,7523,Property Details,3 Crore 50 Lakh,Residential,West,2073,Blacktopped,Yes,Semi Furnished,"Bhaktapur, Gatthaghar",3 Crore 50 Lakh,Sale,4.59 Sq. Ft.,,16 Feet,,2025 July 11,186,Madhyapur Thimi,3.0,2.1km,Gatthaghar Chowk,600m,4km,300m,1.9km,200m,300m,300m,300m,300m,6km,10km,300m,300m,300m,300m,950m,Gatthaghar,5,2,3,2,1,2.5
https://lalpurjanepal.com.np/properties/cute-house-for-sale-at-sirutar-chowk-7511,lalpurja,house,Bhaktapur,7511,Property Details,2 Crore 30 Lakh,Residential,South-East,2080,Soil Stabilized,Yes,Full Furnished,"Bhaktapur, Sirutar",2 Crore 30 Lakh,Sale,3 Aana,1026.75 square-feet,13 Feet,,2025 July 10,256,Suryabinayak,1.0,6km,Sirutar | Health Post,3km,9km,300m,5km,300m,3km,1km,200m,1km,11km,15km,800m,300m,300m,600m,500m,Sirutar,4,2,3,2,1,2.5
https://lalpurjanepal.com.np/properties/house-for-sale-at-balkot-7510,lalpurja,house,Bhaktapur,7510,Property Details,5 Crore 50 Lakh,Residential,North-East,2078,Paved,Yes,Semi Furnished,"Bhaktapur, Balkot",5 Crore 50 Lakh,Sale,8 Aana,,16 Feet,,2025 July 10,188,Suryabinayak,2.0,2.4km,Balkot | Banglamukhi Temple,1km,4km,200m,3km,20m,1km,300m,600m,500m,6km,10km,800m,300m,300m,800m,1km,Balkot,7,2,5,2,3,3.5
https://lalpurjanepal.com.np/properties/northeast-face-house-for-sale-at-sano-thimi-7470,lalpurja,house,Bhaktapur,7470,Property Details,2 Crore 20 Lakh,Residential,North-East,2080,Blacktopped,Yes,Unfurnished,"Bhaktapur, Sanothimi",2 Crore 20 Lakh,Sale,3.75 Aana,1550 square-feet,13 Feet,F 29 Feet | B 29 Feet | L 37 Feet | R 39 Feet,2025 July 8,311,Madhyapur Thimi,7.0,4km,Sano Thimi | Naagdesh,1.5km,5km,400m,2km,200m,300m,400m,200m,500m,7km,8km,500m,800m,500m,600m,500m,Sanothimi,3,2,2,2,4,2
https://lalpurjanepal.com.np/properties/house-for-sale-at-sudalbhaktapur-7408,lalpurja,house,Bhaktapur,7408,Property Details,1 Crore 60 Lakh,Residential,South,2081,Soil Stabilized,Yes,Semi Furnished,"Bhaktapur, Sudal",1 Crore 60 Lakh,Sale,3.25 Aana,2133.28 square-feet,20 Feet,,2025 July 3,460,Changunarayan,8.0,25km,Sudal | Thuli Bramhayani Temple,6.3km,19km,2km,11km,2km,3km,6km,100meter,3km,21km,,7km,,5km,7km,5km,Sudal,5,2,3,1,1,2.5
https://lalpurjanepal.com.np/properties/house-for-sale-at-adhikari-tole-7346,lalpurja,house,Bhaktapur,7346,Property Details,3 Crore,Residential,East,2072,Blacktopped,Yes,Semi Furnished,"Bhaktapur, Balkot",3 Crore,Sale,5 Aana,,20 Feet,,2025 June 30,151,Suryabinayak,8.0,8.5km,Balkot | Adhikari Tole,2km,10km,200m,3km,300m,1km,500m,1km,500m,12km,16km,1km,500m,500m,500m,1km,Balkot,2,1,1,1,1,1
https://lalpurjanepal.com.np/properties/house-for-sale-at-adhikari-tole-7345,lalpurja,house,Bhaktapur,7345,Property Details,4 Crore,Residential,North-East,2072,Blacktopped,Yes,Full Furnished,"Bhaktapur, Balkot",4 Crore,Sale,9 Aana,,,,2025 June 30,289,Suryabinayak,3.0,8.5km,Balkot | Adhikari Tole,2km,10km,200m,3km,400m,1km,500m,1km,500m,12km,16km,1km,500m,500m,500m,1km,Balkot,5,2,4,2,4,3
https://lalpurjanepal.com.np/properties/house-for-sale-at-sallaghari-7343,lalpurja,house,Bhaktapur,7343,Property Details,2 Crore 95 Lakh,Residential,East,2072,Blacktopped,Yes,Full Furnished,"Bhaktapur, Sallaghari",2 Crore 95 Lakh,Sale,4.31 Aana,,16 Feet,,2025 June 30,315,Suryabinayak,5.0,6.5km,Sallaghari | Srijananagar,500m,8km,200m,1km,300m,500m,300m,300m,300m,10km,14km,300m,200m,200m,300m,400m,Sallaghari,5,2,4,1,1,2.5
https://lalpurjanepal.com.np/properties/house-for-sale-at-bode-planning-madhyapur-thimi-bhaktapur-7276,lalpurja,house,Bhaktapur,7276,Property Details,2 Crore 50 Lakh,Residential,North-East,2076,Blacktopped,Yes,Unfurnished,"Bhaktapur, Bode",2 Crore 50 Lakh,Sale,3.25 Aana,2042.88 square-feet,26 Feet,F 27 Feet | B 31 Feet | L 44 Feet | R 42 Feet,2025 June 27,268,Madhyapur Thimi,8.0,4km,Bhakatpur | Bode Planning,2.5km,4.5km,400m,2.5km,500m,500 m,400m,350m,400m,5km,5.5km,400m,600m,300m,650m,650m,Bode,4,1,3,1,5,2.5
https://lalpurjanepal.com.np/properties/house-for-sale-at-suryabinayak-7232,lalpurja,house,Bhaktapur,7232,Property Details,2 Crore 10 Lakh,Residential,South-West,2072,Blacktopped,Yes,Unfurnished,"Bhaktapur, Suryabinayak",2 Crore 10 Lakh,Sale,3.25 Aana,2000 square-feet,13 Feet,F 30 Feet | B 22 Feet | L 47 Feet | R 46 Feet,2025 June 25,494,Suryabinayak,6.0,9km,Suryabinayak | Ganesh Basti,2km,11km,200m,3km,300m,2km,400m,150m,1km,12km,13km,400m,500m,400m,300m,200m,Suryabinayak,3,1,3,1,5,2.5
https://lalpurjanepal.com.np/properties/east-face-semi-bungalow-for-sale-at-harsad-chowk-thimi-7140,lalpurja,house,Bhaktapur,7140,Property Details,3 Crore 45 Lakh,Residential,East,2078,Paved,Yes,Semi Furnished,"Bhaktapur, Madhyapur Thimi",3 Crore 45 Lakh,Sale,5 Aana,2884.85 square-feet,10 Feet,F 31 Feet,2025 June 20,323,Suryabinayak,4.0,6.8km,Thimi | Harshad Chowk,2km,7.9km,400m,2.1km,300m,300m,600m,10m,400m,9.1km,11km,500m,700m,400m,800m,600m,Madhyapur Thimi,6,2,4,2,6,2.5
https://lalpurjanepal.com.np/properties/house-for-sale-at-dadhikot-7081,lalpurja,house,Bhaktapur,7081,Property Details,2 Crore 50 Lakh,Residential,West,,Gravelled,Yes,,"Bhaktapur, Dadhikot",2 Crore 50 Lakh,Sale,3.75 Aana,,13 Feet,F 25 Feet,2025 June 17,343,Madhyapur Thimi,4.0,5.4km,Thimi | Harsha Chowk,500m,8km,300m,2.6km,300m,500m,300m,100m,300m,10km,14km,300m,300m,300m,300m,500m,Dadhikot,6,2,5,2,2,2.5
https://lalpurjanepal.com.np/properties/house-for-sale-at-dadhikot-7078,lalpurja,house,Bhaktapur,7078,Property Details,2 Crore 50 Lakh,Residential,West,2080,Gravelled,Yes,,"Bhaktapur, Dadhikot",2 Crore 50 Lakh,Sale,3.5 Aana,1283 square-feet,13 Feet,F 29 Feet,2025 June 17,243,Madhyapur Thimi,4.0,5.4km,Dhadikot | Harsha Chowk,500m,8km,300m,2.6km,300m,500m,300m,100m,300m,10km,14km,300m,300m,300m,300m,600m,Dadhikot,6,2,4,2,2,2.5
https://lalpurjanepal.com.np/properties/house-for-sale-at-suryabinayak-7051,lalpurja,house,Bhaktapur,7051,Property Details,1 Crore 80 Lakh,Residential,North,2081,Paved,Yes,Semi Furnished,"Bhaktapur, Suryabinayak",1 Crore 80 Lakh,Sale,2.87 Sq. Ft.,,13 Feet,,2025 June 16,699,Suryabinayak,8.0,9km,Suryabinayak | Darjeeling Height Colony,2km,11km,100m,3km,100m,2km,1km,600m,600m,12km,13km,600m,600m,200m,400m,1km,Suryabinayak,7,1,2,2,1,2.5
https://lalpurjanepal.com.np/properties/house-for-sale-at-suryabinayak-bhaktapur-6958,lalpurja,house,Bhaktapur,6958,Property Details,2 Crore 50 Lakh,Residential,South-East,2068,Gravelled,Yes,Unfurnished,"Bhaktapur, Suryabinayak",2 Crore 50 Lakh,Sale,4 Aana,1369 square-feet,18 Feet,F 29 Feet,2025 June 10,196,Suryabinayak,8.0,10km,Suryabinayak | Bhadgaun Sports and Gym,2km,12km,200m,5km,100m,500m,100m,500m,500m,14km,18km,500m,100m,100m,100m,500m,Suryabinayak,12,1,4,1,1,3.5
https://lalpurjanepal.com.np/properties/house-for-sale-at-biruwa-bhaktapur-6936,lalpurja,house,Bhaktapur,6936,Property Details,1 Crore 35 Lakh,Semi-commercial,North,2075,Gravelled,Yes,Unfurnished,"Bhaktapur, Sirutar",1 Crore 35 Lakh,Sale,4.5 Aana,1625 square-feet,18 Feet,F 30 Feet,2025 June 9,441,Suryabinayak,1.0,8km,Bhaktapur | Biruwa,2.5km,11km,300m,,300m,2km,2km,300m,300m,13km,17km,800m,300m,300m,300m,1,Sirutar,4,1,3,1,,2.5
https://lalpurjanepal.com.np/properties/house-for-sale-at-sanothimibhaktapur-6906,lalpurja,house,Bhaktapur,6906,Property Details,7 crore,Commercial,,2025,Blacktopped,Yes,Unfurnished,"Bhaktapur, Sanothimi",7 crore,Sale,8 Aana,2500 square-feet,20 Feet,,2025 June 7,245,Madhyapur,2.0,50m,Sanothimi | Manohara Park,100m,200m,,,400m,400m,,100m,,,,,,100m,,,Sanothimi,,,,,,7
https://lalpurjanepal.com.np/properties/house-for-sale-at-jhaukhelbhaktapur-6860,lalpurja,house,Bhaktapur,6860,Property Details,1 Crore 20 Lakh,Residential,West,2079,Soil Stabilized,Yes,Semi Furnished,"Bhaktapur, Duwakot",1 Crore 20 Lakh,Sale,3.5 Aana,1197.87 square-feet,10 Feet,,2025 June 4,492,Changunarayan,3.0,19km,Jhaukhel | VDC Office,3.5km,14.5km,2km,6km,2km,3km,,200m,2km,17km,,3km,3km,2km,3km,500m,Duwakot,2,1,1,1,1,1
https://lalpurjanepal.com.np/properties/bungalow-for-sale-at-bhaktapur-sano-thimi-6824,lalpurja,house,Bhaktapur,6824,Property Details,6 Crore 50 Lakh,Residential,East,2079,Blacktopped,Yes,Full Furnished,"Bhaktapur, Sanothimi",6 Crore 50 Lakh,Sale,7 Aana,1550 square-feet,13 Feet,F 42 Feet,2025 June 2,289,Madhyapur Thimi,2.0,3.8km,Sano Thimi | Exam Control Office,2km,7.5km,200m,4km,200m,400m,300m,100m,300m,7.6km,9km,200m,200m,200m,300m,2km,Sanothimi,5,1,8,2,3,3.5
https://lalpurjanepal.com.np/properties/house-for-sale-at-radhe-radhebhaktapur-6822,lalpurja,house,Bhaktapur,6822,Property Details,2 Crore 60 Lakh,Residential,South-East,2075,Gravelled,Yes,Semi Furnished,"Bhaktapur, Radhe Radhe",2 Crore 60 Lakh,Sale,4 Aana,2000 square-feet,20 Feet,,2025 June 2,296,Madhyapur Thimi,3.0,13km,Elory English School,2km,9km,1km,1km,100m,1km,500m,300m,1km,11km,,300m,300m,300m,500m,,Radhe Radhe,5,1,3,2,1,2
https://lalpurjanepal.com.np/properties/house-for-sale-at-katunjebhaktapur-6808,lalpurja,house,Bhaktapur,6808,Property Details,1 Crore 65 Lakh,Residential,North,2081,Paved,Yes,Semi Furnished,"Bhaktapur, Katunje",1 Crore 65 Lakh,Sale,3.62 Aana,789.13 square-feet,13 Feet,,2025 June 1,325,Suryabinayak,5.0,14km,Suryabinayak | Subarna Chowk,2km,10km,500m,2km,1km,2km,2km,200m,300m,12km,,300m,1km,200m,100m,,Katunje,1,1,1,1,1,1
https://lalpurjanepal.com.np/properties/bungalow-for-sale-at-bhaktapur-kharipati-6775,lalpurja,house,Bhaktapur,6775,Property Details,2 Crore 65 Lakh,Residential,North-East,2074,Soil Stabilized,Yes,Semi Furnished,"Bhaktapur, Kharipati",2 Crore 65 Lakh,Sale,6.25 Aana,2700 square-feet,13 Feet,F 24 Feet,2025 May 29,280,Changunarayan,7.0,11.5km,Indra Dhara | Bansbari Water Treatment Plant,2km,14km,500m,7.8km,2km,2km,2km,200m,300m,17km,21km,2km,1km,1km,2km,3km,Kharipati,5,1,3,2,3,3
https://lalpurjanepal.com.np/properties/house-for-sale-at-kmc-duwakot-bhaktapur-6774,lalpurja,house,Bhaktapur,6774,Property Details,5 Crore 74 Lakh,Residential,South-East,2065,Blacktopped,Yes,Semi Furnished,"Bhaktapur, Duwakot",5 Crore 74 Lakh,Sale,11 Aana,3500 square-feet,22 Feet,,2025 May 29,254,Changunarayan,2.0,8km,Duwakot | KMC Hospital,50m,11km,50m,2.5km,200m,200m,200m,1m,500m,14km,18km,200m,200m,200m,200m,1km,Duwakot,8,1,4,1,2,2.5
https://lalpurjanepal.com.np/properties/house-for-sale-at-suryabinayak-bhaktapur-6751,lalpurja,house,Bhaktapur,6751,Property Details,1 Crore 99 Lakh,Residential,South-West,2080,Gravelled,Yes,Semi Furnished,"Bhaktapur, Suryabinayak",1 Crore 99 Lakh,Sale,6 Aana,1962 square-feet,16 Feet,F 25 Feet,2025 May 27,1224,Suryabinayak,8.0,10km,Suryabinayak | Dharapati,1km,13km,200m,6km,200m,2km,500m,500m,500m,16km,20km,500m,200m,200m,200m,1.5km,Suryabinayak,5,1,4,1,2,3.5
https://lalpurjanepal.com.np/properties/house-for-sale-at-suryabinayak-colony-6596,lalpurja,house,Bhaktapur,6596,Property Details,2 Crore 95 Lakh,Residential,West,2076,Blacktopped,Yes,Semi Furnished,"Bhaktapur, Suryabinayak",2 Crore 95 Lakh,Sale,3.25 Aana,1112.31 square-feet,20 Feet,F 29 | F 8 Feet,2025 May 20,354,Suryabinayak,8.0,8km,Suryabinayak | Darjeeling Height Colony,1km,12km,200m,3km,100m,1km,500m,800m,800m,14km,18km,500m,500m,200m,300m,1km,Suryabinayak,5,2,3,1,1,3
https://lalpurjanepal.com.np/properties/bungalow-for-sale-at-balkot-6544,lalpurja,house,Bhaktapur,6544,Property Details,6 Crore,Residential,East,2078,Paved,Yes,Full Furnished,"Bhaktapur, Balkot",6 Crore,Sale,5.28 Aana,2804 square-feet,13 Feet,F 39 | F 2 Feet,2025 May 17,201,Suryabinayak,2.0,3km,Balkot | KP Oli Niwas,1.8km,6km,500m,3km,200m,1km,300m,600m,500m,8km,12km,500m,500m,200m,1km,800m,Balkot,4,2,4,2,2,3
https://lalpurjanepal.com.np/properties/housing-bungalow-at-rose-village-6543,lalpurja,house,Bhaktapur,6543,Property Details,4 Crore 30 Lakh,Commercial,South,2072,Blacktopped,Yes,Full Furnished,"Bhaktapur, Balkot",4 Crore 30 Lakh,Sale,4.56 Aana,2736.54 square-feet,16 Feet,F 38 | F 11 Feet,2025 May 16,554,Suryabinayak,8.0,2.9km,Balkot | Rose Village Housing,850m,5km,100m,1.8km,200m,600m,300m,300m,300m,7km,11km,100m,100m,100m,300m,,Balkot,4,1,4,1,1,3
https://lalpurjanepal.com.np/properties/south-faced-semi-bungalow-for-sale-at-balkot-6521,lalpurja,house,Bhaktapur,6521,Property Details,2 Crore 95 Lakh,Residential,South-West,2076,Paved,Yes,Semi Furnished,"Bhaktapur, Balkot",2 Crore 95 Lakh,Sale,3.82 Aana,1307.39 square-feet,10 Feet,,2025 May 15,328,Suryabinayak,8.0,3km,Balkot | Ragini Height,400m,6.3km,100m,3km,100m,1km,150m,150m,200m,8km,12km,150m,150m,100m,300m,300m,Balkot,8,3,4,3,1,3.5
https://lalpurjanepal.com.np/properties/house-for-sale-at-duwakotbhaktapur-6517,lalpurja,house,Bhaktapur,6517,Property Details,2 Crore 50 Lakh,Residential,West,2081,Paved,Yes,Semi Furnished,"Bhaktapur, Duwakot",2 Crore 50 Lakh,Sale,4 Aana,1782.71 square-feet,10 Feet,,2025 May 15,499,Changunarayan,1.0,15km,Duwakot | KMC Hospital,300m,11km,200m,2.5km,700m,700m,,100m,200m,13km,,500m,1km,500m,300m,,Duwakot,5,2,3,1,1,2.5
https://lalpurjanepal.com.np/properties/house-for-sale-at-balkot-6476,lalpurja,house,Bhaktapur,6476,Property Details,2 Crore 85 Lakh,Residential,South-West,2079,Gravelled,Yes,Semi Furnished,"Bhaktapur, Balkot",2 Crore 85 Lakh,Sale,4 Aana,1212.2 square-feet,16 Feet,F 28 Feet,2025 May 13,403,Suryabinayak,3.0,5km,Balkot | Adhikari Tole,2km,10km,200m,3km,,1km,500m,1km,500m,12km,16km,1k,500m,500m,500m,1km,Balkot,7,2,3,2,1,3
https://lalpurjanepal.com.np/properties/luxury-bungalow-for-sale-at-bhaktapur-6473,lalpurja,house,Bhaktapur,6473,Property Details,3 Crore 30 lakh,Residential,South-West,2077,Gravelled,Yes,Full Furnished,"Bhaktapur, Suryabinayak",3 Crore 30 lakh,Sale,5.25 Aana,1190 square-feet,20 Feet,F 30 Feet,2025 May 12,254,Suryabinayak,8.0,9.5km,Bhaktapur | Darjeeling Height Pani Tanki,3km,13km,500m,9km,500m,4km,300m,1.6km,1.6km,15km,19km,1.6km,1.6km,500m,1.3km,500m,Suryabinayak,6,1,3,1,3,2.5
https://lalpurjanepal.com.np/properties/south-east-face-house-for-sale-at-lokanthali-bhaktapur-6462,lalpurja,house,Bhaktapur,6462,Property Details,3 Crore 40 Lakh,Residential,South-East,2068,Paved,Yes,Unfurnished,"Bhaktapur, Lokanthali",3 Crore 40 Lakh,Sale,4.86 Aana,2770 square-feet,13 Feet,F 24 Feet | B 34 Feet | L 30 Feet | R 25 Feet,2025 May 12,197,Madhyapur Thimi,2.0,3.3km,Lokanthali | Woda Office,3km,5.5km,300m,3km,400m,800m,500m,350m,500m,6.5km,7km,400m,600m,500m,700m,200m,Lokanthali,6,2,4,2,4,2.5
https://lalpurjanepal.com.np/properties/east-face-house-for-sale-at-balkot-bhaktapur-6460,lalpurja,house,Bhaktapur,6460,Property Details,2 Crore 20 Lakh,Residential,East,2077,Paved,Yes,Unfurnished,"Bhaktapur, Balkot",2 Crore 20 Lakh,Sale,3 Aana,1909 square-feet,13 Feet,F 25 Feet | B 25 Feet | L 41 Feet | R 40 Feet,2025 May 12,342,Suryabinayak,2.0,4km,Balkot Height,2.5km,6km,400m,3.5km,200m,2km,400m,400m,500m,7km,8km,500m,600m,600m,700m,600m,Balkot,6,2,3,2,4,2.5
https://lalpurjanepal.com.np/properties/house-for-sale-at-katunje-6452,lalpurja,house,Bhaktapur,6452,Property Details,2 Crore 70 Lakh,Residential,South-West,2078,Gravelled,Yes,Semi Furnished,"Bhaktapur, Katunje",2 Crore 70 Lakh,Sale,3.31 Aana,793 square-feet,20 Feet,F 28 Feet,2025 May 11,162,Suryabinayak,5.0,9km,Subarnachowk | Sallaghari,500m,12km,300m,2km,300m,500m,300m,300m,400m,14km,18km,300m,300m,300m,300m,1km,Katunje,9,3,6,3,1,3.5
https://lalpurjanepal.com.np/properties/bunglow-for-sale-at-bhaktapur-6421,lalpurja,house,Bhaktapur,6421,Property Details,3 Crore 25 Lakh,Residential,South-West,2079,Soil Stabilized,Yes,Full Furnished,"Bhaktapur, Jagati",3 Crore 25 Lakh,Sale,5 Aana,2854 square-feet,20 Feet,F 34 Feet,2025 May 8,273,Bhaktapur,8.0,10km,Chundevi | Tathali | Bhaktapur,300m,14km,200m,8km,1km,2km,1km,300m,300m,16km,20km,200m,200m,200m,1km,1km,Jagati,5,1,4,1,1,3.5
https://lalpurjanepal.com.np/properties/38-aana-land-for-sale-at-katunje-bhaktapur-6419,lalpurja,house,Bhaktapur,6419,Property Details,21 Lakh Per Aana,Residential,West,,Paved,Yes,,"Bhaktapur, Katunje",21 Lakh Per Aana,Sale,38 Sq. Ft.,,13 Feet,F 78 Feet,2025 May 8,313,Suryabinayak,4.0,7km,Katunje Height,1.9km,10km,400m,2km,500m,7km,500m,400m,600m,12km,15km,500m,600m,500m,700m,800m,Katunje,,,,,,
https://lalpurjanepal.com.np/properties/house-for-sale-at-thimi-6363,lalpurja,house,Bhaktapur,6363,Property Details,2 Crore 95 Lakh,Commercial,North,2072,Paved,Yes,Unfurnished,"Bhaktapur, Madhyapur Thimi",2 Crore 95 Lakh,Sale,3.75 Aana,1026.75 square-feet,13 Feet,F 32 Feet,2025 May 4,696,Madhyapur Thimi,4.0,6km,Thimi | Purano Pul,300m,12km,100m,1km,200m,300m,10m,100m,100m,14km,18km,100m,100m,10m,100m,200m,Madhyapur Thimi,11,3,5,1,,4.5
https://lalpurjanepal.com.np/properties/house-for-sale-at-balkot-6362,lalpurja,house,Bhaktapur,6362,Property Details,3 Crore 20 Lakh,Residential,South,2046,Paved,Yes,Unfurnished,"Bhaktapur, Balkot",3 Crore 20 Lakh,Sale,7.5 Aana,1000 square-feet,12 Feet,,2025 May 4,215,Balkot,2.0,4km,Balkot | Brihaspati Chowk,2km,6km,200m,4km,300m,800m,300m,100m,300m,8km,12km,300m,300m,100m,300m,500m,Balkot,6,2,2,1,2,2
https://lalpurjanepal.com.np/properties/house-for-sale-at-suryabinayak-6345,lalpurja,house,Bhaktapur,6345,Property Details,2 Crore 55 Lakh,Residential,South-East,2076,Blacktopped,Yes,Semi Furnished,"Bhaktapur, Suryabinayak",2 Crore 55 Lakh,Sale,3 Aana,718 square-feet,15 Feet,F 26 Feet,2025 May 3,211,Suryabinayak,8.0,12km,Sipadol New Basti,800m,12km,100m,3km,100m,1km,500m,500m,800m,14km,18km,500m,500m,200m,300m,1km,Suryabinayak,5,2,3,2,1,2.5
https://lalpurjanepal.com.np/properties/house-for-sale-at-suryabinayak-6344,lalpurja,house,Bhaktapur,6344,Property Details,2 Crore 10 Lakh,Residential,North-West,2080,Soil Stabilized,Yes,Unfurnished,"Bhaktapur, Suryabinayak",2 Crore 10 Lakh,Sale,3.16 Aana,750 square-feet,15 Feet,F 33 Feet,2025 May 2,422,Suryabinayak,8.0,11km,Pani Tanki,1km,12km,200m,4.8km,200m,2km,200m,1km,1km,15km,19km,1.5km,500m,500m,1km,500m,Suryabinayak,4,2,3,2,1,2.5
https://lalpurjanepal.com.np/properties/house-for-sale-at-suryabinayak-6317,lalpurja,house,Bhaktapur,6317,Property Details,2 Crore 65 Lakh,Residential,West,2081,Blacktopped,Yes,Full Furnished,"Bhaktapur, Suryabinayak",2 Crore 65 Lakh,Sale,3 Aana,720 square-feet,20 Feet,F 30 Feet,2025 May 2,264,Suryabinayak,8.0,12km,Darjeeling Height Colony,1km,12km,200m,3km,100m,1km,500m,800m,800m,14km,18km,500m,500m,200m,300m,1km,Suryabinayak,3,2,3,2,1,2.5
https://lalpurjanepal.com.np/properties/house-for-sale-at-suryabinayak-6315,lalpurja,house,Bhaktapur,6315,Property Details,2 Crore,Residential,South-East,2076,Paved,Yes,Semi Furnished,"Bhaktapur, Suryabinayak",2 Crore,Sale,3 Aana,698 square-feet,20 Feet,F 31 Feet,2025 May 1,523,Suryabinayak,8.0,11km,Suryabinayak | Darjeeling Height,1km,14km,200m,4km,500m,2km,1km,1.2km,1.2km,16km,20km,1km,1km,1km,1km,500m,Suryabinayak,7,2,3,2,1,2.5
https://lalpurjanepal.com.np/properties/house-for-sale-at-suryabinayak-6306,lalpurja,house,Bhaktapur,6306,Property Details,3 Crore,Residential,North-West,2077,Gravelled,Yes,Semi Furnished,"Bhaktapur, Sipadol",3 Crore,Sale,4.62 Aana,920 square-feet,20 Feet,F 28 Feet,2025 May 1,220,Suryabinayak,8.0,10km,Krishna Mandir | Sipadol,1km,12km,200m,4.8km,200m,2km,200m,1km,1km,15km,19km,1km,500m,300m,1km,500m,Sipadol,6,2,4,3,2,2.5
https://lalpurjanepal.com.np/properties/house-for-sale-at-tathalibhaktapur-6281,lalpurja,house,Bhaktapur,6281,Property Details,1 Crore 50 Lakh,Residential,North,2078,Soil Stabilized,Yes,Semi Furnished,"Bhaktapur, Chyamasingha",1 Crore 50 Lakh,Sale,2.75 Aana,1988.96 square-feet,6 Feet,,2025 April 29,382,Changunarayan,9.0,17km,Bramhayani Temple,1km,14km,1km,6km,1km,1km,1.5km,1km,1km,14km,,1.5km,2.5km,1km,1km,,Chyamasingha,8,1,4,1,1,3.5
https://lalpurjanepal.com.np/properties/house-for-sale-at-katunje-6272,lalpurja,house,Bhaktapur,6272,Property Details,3 Crore 10 Lakh,Residential,North-East,2077,Blacktopped,Yes,Full Furnished,"Bhaktapur, Katunje",3 Crore 10 Lakh,Sale,3.87 Aana,,13 Feet,,2025 April 28,176,Suryabinayak,5.0,7km,Katunje | Sushilabhairav Temple,1.5km,10km,300m,2km,200m,3km,1km,200m,200m,11km,15km,500m,500m,500m,1km,500m,Katunje,6,3,5,3,1,3
https://lalpurjanepal.com.np/properties/bungalow-house-for-sale-at-katunje-bhaktapur-6248,lalpurja,house,Bhaktapur,6248,Property Details,4 Crore 45 Lakh,Residential,East,2071,Paved,Yes,Full Furnished,"Bhaktapur, Katunje",4 Crore 45 Lakh,Sale,7.25 Aana,3881.29 square-feet,13 Feet,,2025 April 26,402,Suryabinayak,5.0,10km,Radina Nursary,1.5km,9.5km,1.5km,2km,1.5km,1.5km,,600meter,1km,11km,,1km,,1km,1km,,Katunje,10,1,7,1,3,3.5
https://lalpurjanepal.com.np/properties/house-for-sale-at-katunje-6214,lalpurja,house,Bhaktapur,6214,Property Details,3 Crore 25 Lakh,Commercial,South-East,2079,Soil Stabilized,Yes,Full Furnished,"Bhaktapur, Katunje",3 Crore 25 Lakh,Sale,5.07 Aana,,20 Feet,,2025 April 23,213,Suryabinayak,5.0,5km,Katunje | Sushila Bhairav Mandir,1km,8km,200m,1.5km,200m,800m,800m,1km,1km,9km,12km,500m,1.5km,200m,800m,1km,Katunje,9,3,5,2,1,3.5
https://lalpurjanepal.com.np/properties/house-for-sale-at-katunje-6211,lalpurja,house,Bhaktapur,6211,Property Details,2 Crore 90 Lakh,Residential,South,2078,Blacktopped,Yes,Semi Furnished,"Bhaktapur, Katunje",2 Crore 90 Lakh,Sale,4.88 Aana,976 square-feet,13 Feet,F 26 Feet,2025 April 23,181,Suryabinayak,5.0,6.5km,Katunje,1km,10km,200m,2km,1.8km,1.3km,300m,300m,300m,11km,14km,200m,200m,200m,300m,1.8km,Katunje,5,3,,3,2,2.5
https://lalpurjanepal.com.np/properties/house-for-sale-at-thimi-6191,lalpurja,house,Bhaktapur,6191,Property Details,3 Crore 50 Lakh,Residential,South,2072,Paved,Yes,Semi Furnished,"Bhaktapur, Madhyapur Thimi",3 Crore 50 Lakh,Sale,3.63 Aana,975 square-feet,16 Feet,F 24 Feet,2025 April 22,233,Madhyapur Thimi,4.0,4km,Balkumari Colony,100m,16km,100m,1km,500m,500m,400m,200m,200m,9km,11km,200m,200m,200m,300m,800m,Madhyapur Thimi,11,3,4,,1,3.75
https://lalpurjanepal.com.np/properties/house-for-sale-at-duwakotbhaktapur-6172,lalpurja,house,Bhaktapur,6172,Property Details,1 Crore 65 Lakh,Residential,North-East,2078,Soil Stabilized,Yes,Semi Furnished,"Bhaktapur, Duwakot",1 Crore 65 Lakh,Sale,5 Aana,868.5 square-feet,17 Feet,,2025 April 19,552,Changunarayan,1.0,9km,Nepal Engineering College,2km,12km,1km,4km,1km,1km,,200meter,1km,14km,,,,,,,Duwakot,3,1,1,1,1,1
https://lalpurjanepal.com.np/properties/house-for-sale-at-sirutar-6130,lalpurja,house,Bhaktapur,6130,Property Details,1 Crore 50 Lakh,Residential,North,2078,Soil Stabilized,Yes,Semi Furnished,"Bhaktapur, Sirutar",1 Crore 50 Lakh,Sale,4 Aana,918 square-feet,13 Feet,,2025 April 15,348,Suryabinayak,1.0,5km,Sirutar NIC Asia,3km,3.6km,300m,3km,200m,3km,,200m,200m,11km,13km,200m,1km,1km,300m,500m,Sirutar,2,1,1,1,1,1
https://lalpurjanepal.com.np/properties/house-for-sale-at-katunje-6129,lalpurja,house,Bhaktapur,6129,Property Details,1 Crore 55 Lakh,Residential,South-East,2072,Gravelled,Yes,Semi Furnished,"Bhaktapur, Katunje",1 Crore 55 Lakh,Sale,3.5 Aana,1026.75 square-feet,18 Feet,F 25 Feet,2025 April 15,930,Suryabinayak,5.0,10km,Katunje | Katunje Height,4km,13km,300m,4km,200m,3km,,,,,,,,,,300m,Katunje,5,1,2,1,1,2.5
https://lalpurjanepal.com.np/properties/modern-house-for-sale-at-balkot-6116,lalpurja,house,Bhaktapur,6116,Property Details,2 Crore 75 Lakh,Residential,West,,Gravelled,Yes,Full Furnished,"Bhaktapur, Balkot",2 Crore 75 Lakh,Sale,3.13 Aana,726 square-feet,16 Feet,,2025 April 15,261,Suryabinayak,3.0,10km,Balkot Pani Tanki,2km,14km,500m,4km,500m,4km,,2km,500m,16km,25km,,,200m,500m,500m,Balkot,,,,,,
https://lalpurjanepal.com.np/properties/flat-system-house-for-sale-at-radhe-radhe-6089,lalpurja,house,Bhaktapur,6089,Property Details,4 Crore 25 Lakh,Residential,South-East,2076,Gravelled,Yes,,"Bhaktapur, Bhaktapur",4 Crore 25 Lakh,Sale,3.5 Aana,2358 square-feet,26 Feet,F 19.8 Feet,2025 April 10,213,Madhyapur Thimi,5.0,6km,Naya Thimi | Bus Stand,1km,8km,200m,800m,40m,300m,,300m,,9km,10km,,,,,1km,Bhaktapur,9,3,4,1,,3
https://lalpurjanepal.com.np/properties/residential-house-for-sale-at-lokanthali-6083,lalpurja,house,Bhaktapur,6083,Property Details,2 Crore 99 Lakh,Residential,South,2053,Blacktopped,Yes,Semi Furnished,"Bhaktapur, Lokanthali",2 Crore 99 Lakh,Sale,4.25 Aana,1780 square-feet,15 Feet,F 31 Feet,2025 April 10,352,Madhyapur Thimi,1.0,2km,Lokanthali Sky Bridge,300m,5km,20m,2.5km,100m,40m,20m,120m,,6km,7km,,,,,200m,Lokanthali,9,2,3,,1,2.5
https://lalpurjanepal.com.np/properties/house-for-sale-at-suryabinayak-6053,lalpurja,house,Bhaktapur,6053,Property Details,1 Crore 20 Lakh,Residential,South,2067,Soil Stabilized,Yes,Semi Furnished,"Bhaktapur, Suryabinayak",1 Crore 20 Lakh,Sale,2.75 Aana,474.22 square-feet,13 Feet,F 41 Feet,2025 April 10,361,Suryabinayak,6.0,12km,Luchhabi Tole,500m,15km,100m,3km,500m,2km,200m,100m,200m,20km,30km,100m,300m,100m,100m,400m,Suryabinayak,4,1,2,,2,2.5
https://lalpurjanepal.com.np/properties/house-for-sale-at-ghalatesallaghari-6043,lalpurja,house,Bhaktapur,6043,Property Details,2 Crore,Residential,North-West,2077,Paved,Yes,Unfurnished,"Bhaktapur, Sallaghari",2 Crore,Sale,3 Aana,675.51 square-feet,13 Feet,,2025 April 9,210,Suryabinayak,5.0,8km,Ghalate,1km,10km,1km,2km,1km,2km,2km,50meter,200meter,12km,,200meter,1km,1km,1km,,Sallaghari,5,1,2,,1,2
https://lalpurjanepal.com.np/properties/house-for-sale-at-suryabinayak-6004,lalpurja,house,Bhaktapur,6004,Property Details,3 Crore,Residential,North-East,2017,Blacktopped,Yes,Unfurnished,"Bhaktapur, Suryabinayak",3 Crore,Sale,5.5 Aana,925 square-feet,15 Feet,F 29.9 Feet,2025 April 7,138,Suryabinayak,6.0,12km,Khwopa Futsal,2km,13km,200m,3km,200m,,100m,,,,,500m,,100m,300m,500m,Suryabinayak,6,3,3,3,3,3.5
https://lalpurjanepal.com.np/properties/house-for-sale-at-saraswotikhelduwakot-5992,lalpurja,house,Bhaktapur,5992,Property Details,1 Crore 98 Lakh,Commercial,South-East,2075,Blacktopped,Yes,Unfurnished,"Bhaktapur, Saraswatikhel",1 Crore 98 Lakh,Sale,5.06 Aana,2927.59 square-feet,20 Feet,,2025 April 6,185,Suryabinayak,1.0,15km,Saraswotikhel Bus Stop,1.5km,11km,1km,8km,1km,1.5km,,200meter,500meter,13km,,,3km,3km,2km,,Saraswatikhel,11,1,4,2,2,4.5
https://lalpurjanepal.com.np/properties/house-for-sale-at-katunjasuryabinayak-5971,lalpurja,house,Bhaktapur,5971,Property Details,2 Crore 40 Lakh,Residential,North-West,2073,Paved,Yes,Unfurnished,"Bhaktapur, Katunje",2 Crore 40 Lakh,Sale,3.5 Aana,809.54 square-feet,13 Feet,,2025 April 4,197,Suryabinayak,5.0,11km,Radina Nursary,2km,13km,1km,3km,1km,2km,,1km,1km,15km,,,,1km,1km,,Katunje,8,1,4,2,1,3
https://lalpurjanepal.com.np/properties/house-for-sale-at-gundu-5920,lalpurja,house,Bhaktapur,5920,Property Details,1 Crore 15 Lakh,Commercial,South,2075,Blacktopped,Yes,Unfurnished,"Bhaktapur, Suryabinayak",1 Crore 15 Lakh,Sale,3.5 Aana,749.66 square-feet,26 Feet,,2025 April 1,203,Suryabinayak,7.0,12km,Radakrishna Temple,2km,14km,2km,6km,1km,2km,,1km,2km,16km,,2km,2km,,2km,,Suryabinayak,4,1,2,1,1,2
https://lalpurjanepal.com.np/properties/premium-flat-system-house-for-sale-at-gamcha-bhaktapur-5872,lalpurja,house,Bhaktapur,5872,Property Details,3 Crore,Residential,North-East,2078,Gravelled,Yes,Semi Furnished,"Bhaktapur, Suryabinayak",3 Crore,Sale,5 Aana,1000.812 square-feet,13 Feet,F 31 Feet * B 31 Feet,2025 March 28,306,Suryabinayak,4.0,6km,Araniko School,3km,9km,300m,3.5km,500m,200m,,100m,,9km,10km,,,,,700m,Suryabinayak,6,3,5,4,1,3
https://lalpurjanepal.com.np/properties/residential-house-for-sale-at-changunarayan-5871,lalpurja,house,Bhaktapur,5871,Property Details,1 Crore 20 Lakh,Residential,North,2078,Soil Stabilized,Yes,Unfurnished,"Bhaktapur, Changunarayan",1 Crore 20 Lakh,Sale,6.25 Aana,760 square-feet,4 Feet,F 27 Feet,2025 March 28,378,Changunarayan,5.0,12km,Lakhila Temple,3km,16km,300m,6km,300m,2km,,100m,,17km,18km,,,,,1.6km,Changunarayan,3,1,1,,,1
https://lalpurjanepal.com.np/properties/3-aana-land-for-sale-at-changunarayan-5870,lalpurja,house,Bhaktapur,5870,Property Details,23 Lakh Per Aana,Residential,South,,Gravelled,Yes,,"Bhaktapur, Changunarayan",23 Lakh Per Aana,Sale,3 Aana,,10 Feet,F 30 * B 27 * L 38 Feet,2025 March 28,162,Changunarayan,5.0,11km,Lakhila Temple,3km,16km,100m,6km,200m,1km,,30m,,17km,18km,,,,,2km,Changunarayan,,,,,,
https://lalpurjanepal.com.np/properties/semi-bungalow-for-sale-at-changunarayan-5869,lalpurja,house,Bhaktapur,5869,Property Details,70 Lakh,Residential,South,2079,Soil Stabilized,Yes,Semi Furnished,"Bhaktapur, Changunarayan",70 Lakh,Sale,2 Aana,334.93 square-feet,4 Feet,F 28.5 Feet,2025 March 28,339,Changunarayan,5.0,11km,Lakila Temple,4km,14km,,6km,1km,2km,,100m,,15km,16km,,,,,3km,Changunarayan,5,1,2,,,3.5
https://lalpurjanepal.com.np/properties/residential-house-for-sale-at-radhe-radhe-5868,lalpurja,house,Bhaktapur,5868,Property Details,1 Crore 55 Lakh,Residential,North-West,2066,Blacktopped,Yes,Semi Furnished,"Bhaktapur, Katunje",1 Crore 55 Lakh,Sale,2.5 Aana,650 square-feet,13 Feet,F 32 * R 22 Feet,2025 March 28,275,Suryabinayak,5.0,5km,Newazone Cake Shop,500m,6.5km,100m,500m,300m,400m,,500m,,7km,8km,,,,600m,2km,Katunje,9,2,2,2,,2.5
https://lalpurjanepal.com.np/properties/semi-commercial-house-for-sale-at-radhe-radhe-5866,lalpurja,house,Bhaktapur,5866,Property Details,2 Crore 35 Lakh,Semi-commercial,North,2076,Blacktopped,Yes,Semi Furnished,"Bhaktapur, Radhe Radhe",2 Crore 35 Lakh,Sale,2.65 Aana,633.28 square-feet,35 Feet,F 35 * B 44 * L 14 Feet,2025 March 28,415,Madhyapur Thimi,5.0,6km,Radhe Radhe Bhatbhateni,1km,7km,30m,300m,200m,300m,,100m,,8km,9km,,,,,2km,Radhe Radhe,7,2,4,,1,4.5
https://lalpurjanepal.com.np/properties/semi-bungalow-house-for-sale-at-sirutar-5865,lalpurja,house,Bhaktapur,5865,Property Details,2 Crore 20 Lakh,Residential,East,2079,Soil Stabilized,Yes,Semi Furnished,"Bhaktapur, Sirutar",2 Crore 20 Lakh,Sale,3.06 Aana,765 square-feet,13 Feet,F 29.5 Feet,2025 March 28,295,Suryabinayak,1.0,3.5km,Candid Career School,2km,7km,200m,3.5km,100m,,,100m,,8km,9km,,,,,600m,Sirutar,4,2,3,2,2,2.5
https://lalpurjanepal.com.np/properties/semi-bungalow-house-for-sale-at-sanothimi-5864,lalpurja,house,Bhaktapur,5864,Property Details,3 Crore 15 Lakh,Residential,North,2075,Paved,Yes,Semi Furnished,"Bhaktapur, Sanothimi",3 Crore 15 Lakh,Sale,3.4 Aana,695 square-feet,13 Feet,F 30 Feet,2025 March 28,188,Madhyapur Thimi,2.0,3.5km,Ward Number 02 Office,700m,6km,20m,3km,200m,300m,80m,300m,,7km,8km,,,,,200m,Sanothimi,6,2,3,1,1,3
https://lalpurjanepal.com.np/properties/semi-commercial-residential-house-for-sale-at-gamcha-bhaktapur-5863,lalpurja,house,Bhaktapur,5863,Property Details,1 Crore 80 Lakh,Residential,North-West,2074,Gravelled,Yes,Semi Furnished,"Bhaktapur, Suryabinayak",1 Crore 80 Lakh,Sale,3.12 Aana,800 square-feet,20 Feet,F 23 Feet,2025 March 28,279,Suryabinayak,2.0,5km,Araniko School,2km,7km,100m,3.5km,,,,10m,,8km,9km,,,,,800m,Suryabinayak,7,1,2,1,2,2.5
https://lalpurjanepal.com.np/properties/house-for-sale-at-kamerotarmadhyapur-5862,lalpurja,house,Bhaktapur,5862,Property Details,2 Crore 75 Lakh,Residential,North-West,2077,Gravelled,Yes,Semi Furnished,"Bhaktapur, Madhyapur Thimi",2 Crore 75 Lakh,Sale,3.31 Aana,1026.75 square-feet,13 Feet,,2025 March 28,265,Madhyapur Thimi,5.0,9km,Thimi Ground,1km,11km,1km,1km,1km,1km,1km,500m,1km,13km,,,,1km,,,Madhyapur Thimi,6,1,3,1,1,3
https://lalpurjanepal.com.np/properties/875-aana-commercial-land-for-sale-at-duwakot-5861,lalpurja,house,Bhaktapur,5861,Property Details,54 Lakh Per Aana,Commercial,West,,Gravelled,Yes,,"Bhaktapur, Duwakot",54 Lakh Per Aana,Sale,8.75 Aana,,20 Feet,F 60 Feet,2025 March 28,170,Changunarayan,2.0,7km,KMC Hospital Duwakot,100m,9km,10m,2km,300m,200m,,10m,,10km,11km,,,,,2km,Duwakot,,,,,,
https://lalpurjanepal.com.np/properties/semi-commercial-house-for-sale-at-balkot-height-5859,lalpurja,house,Bhaktapur,5859,Property Details,2 Crore 20 Lakh,Semi-commercial,South-East,2059,Blacktopped,Yes,Semi Furnished,"Bhaktapur, Balkot",2 Crore 20 Lakh,Sale,2.5 Aana,405 square-feet,26 Feet,16 * 50 Feet,2025 March 28,125,Suryabinayak,2.0,3km,Balkot Burger House,2km,6km,20m,3km,20m,30m,,2m,,7km,8km,,,,,300m,Balkot,4,1,3,,1,2.5
https://lalpurjanepal.com.np/properties/semi-bungalow-house-for-sale-at-balkot-5858,lalpurja,house,Bhaktapur,5858,Property Details,1 Crore 90 Lakh,Residential,North-West,2071,Paved,Yes,Semi Furnished,"Bhaktapur, Balkot",1 Crore 90 Lakh,Sale,2.75 Aana,591.14 square-feet,10 Feet,F 33.5 Feet,2025 March 28,397,Suryabinayak,4.0,5km,Balkot Panitanki,1.4km,7km,100m,3km,200m,400m,,150m,,8km,9km,,,,,1km,Balkot,4,2,3,2,1,2.5
https://lalpurjanepal.com.np/properties/full-furnished-semi-bungalow-for-sale-at-katunje-bhaktapur-5788,lalpurja,house,Bhaktapur,5788,Property Details,3 Crore 50 Lakh,Semi-commercial,North,2062+2079,Blacktopped,Yes,,"Bhaktapur, Katunje",3 Crore 50 Lakh,Sale,4.12 Aana,839 square-feet,30 Feet,F 30 Feet | B 39 Feet,2025 March 24,181,Suryabinayak,5.0,6km,Sushila Bhairab Temple,2km,8km,30m,3.3km,300m,,,300m,,9km,10km,,,,,1km,Katunje,11,2,5,1,1,4
https://lalpurjanepal.com.np/properties/house-for-sale-at-suryabinayakbhaktapur-5784,lalpurja,house,Bhaktapur,5784,Property Details,1 Crore 20 Lakh,Semi-commercial,South,2067,Gravelled,Yes,Unfurnished,"Bhaktapur, Suryabinayak",1 Crore 20 Lakh,Sale,2.75 Aana,941.18 square-feet,10 Feet,,2025 March 24,373,Suryabinayak,6.0,13km,Suryabinayak | Rastriya Banijya Bank,1km,13km,1k,3km,1km,3km,,500m,1km,11km,,1km,,1km,1km,,Suryabinayak,6,1,2,,1,3.5
https://lalpurjanepal.com.np/properties/premium-semi-bungalow-for-sale-at-gamcha-bhaktapur-5783,lalpurja,house,Bhaktapur,5783,Property Details,2 Crore 60 Lakh,Residential,South,2074,Soil Stabilized,Yes,Semi Furnished,"Bhaktapur, Dadhikot",2 Crore 60 Lakh,Sale,4 Aana,1317.6 square-feet,13 Feet,F 30 Feet,2025 March 24,286,Suryabinayak,4.0,6km,Modern Boarding School,1km,7km,200m,3.6km,200m,,,200m,,8km,9km,,,,,200m,Dadhikot,6,2,3,2,,2.5
https://lalpurjanepal.com.np/properties/3-houses-for-sale-at-katunje-bhaktapur-5627,lalpurja,house,Bhaktapur,5627,Property Details,6 Crore 25 Lakh,Residential,South-East,2078,Gravelled,Yes,Semi Furnished,"Bhaktapur, Katunje",6 Crore 25 Lakh,Sale,12 Aana,687 square-feet,8 Feet,F 30 Feet,2025 March 14,200,Suryabinayak,5.0,5km,Bhaktapur | Subarna Chowk,1km,7km,100m,700m,200m,,,300m,,8km,9km,,,,,2km,Katunje,5,2,3,2,2,
https://lalpurjanepal.com.np/properties/flat-system-residential-house-for-sale-at-sanothimi-5597,lalpurja,house,Bhaktapur,5597,Property Details,3 Crore 25 Lakh,Residential,North,2076,Paved,Yes,Semi Furnished,"Bhaktapur, Sanothimi",3 Crore 25 Lakh,Sale,3.81 Aana,669 square-feet,13 Feet,F 32.6 Feet,2025 March 10,221,Madhyapur Thimi,2.0,3km,Ward Office,700m,6km,40m,2.5km,200m,200m,30m,250m,,7km,8km,,,,,200m,Sanothimi,9,3,7,3,1,35
https://lalpurjanepal.com.np/properties/house-for-sale-at-kharipati-bhaktapur-5568,lalpurja,house,Bhaktapur,5568,Property Details,1 Crore 70 Lakh,Residential,South-West,2075BS,Soil Stabilized,Yes,Semi Furnished,"Bhaktapur, Kharipati",1 Crore 70 Lakh,Sale,11.25 Aana,1786.5 square-feet,10 Feet,,2025 March 8,208,Changunarayan,7.0,,Changunarayan Munitipality Office,3.5km,15km,1km,6km,1km,1km,,100m,1km,,,,,,,,Kharipati,5,1,3,1,1,2.5
https://lalpurjanepal.com.np/properties/flat-system-residential-house-for-sale-at-kaushaltar-chowk-5565,lalpurja,house,Bhaktapur,5565,Property Details,6 Crore,Residential,East,2079,Paved,Yes,Semi Furnished,"Bhaktapur, Kausaltar",6 Crore,Sale,6.12 Aana,1026 square-feet,9 Feet,F 28 Feet,2025 March 8,199,Madhyapur Thimi,3.0,3km,Laxmi Bank,60m,5km,30m,3km,50m,100m,,100m,,6km,7km,,,,,20m,Kausaltar,8,3,4,1,3,3.5
https://lalpurjanepal.com.np/properties/residential-house-for-sale-at-balkot-bhaktapur-5562,lalpurja,house,Bhaktapur,5562,Property Details,1 Crore 80 Lakh,Residential,South-West,2069,Paved,Yes,Semi Furnished,"Bhaktapur, Balkot",1 Crore 80 Lakh,Sale,3.15 Aana,606.18 square-feet,13 Feet,F 32 Feet,2025 March 8,426,Suryabinayak,2.0,4km,Banglamukhi | Shiva Mandir,500m,7km,200m,3km,300m,,,350m,,8km,9km,,,,,800m,Balkot,6,2,4,2,1,3.5
https://lalpurjanepal.com.np/properties/semi-bungalow-house-for-sale-at-sano-thimi-bhaktapur-5561,lalpurja,house,Bhaktapur,5561,Property Details,1 Crore 80 Lakh,Residential,South,2070,Paved,Yes,Semi Furnished,"Bhaktapur, Sanothimi",1 Crore 80 Lakh,Sale,2.5 Aana,487 square-feet,11 Feet,F 23 Feet,2025 March 8,388,Madhyapur Thimi,2.0,3km,Sanothimi | Ward No 2 Office,800m,6km,100m,3km,200m,200m,100m,200m,,7km,7km,,,,,300m,Sanothimi,5,2,3,2,,3.5
https://lalpurjanepal.com.np/properties/bungalow-for-sale-at-balkot-height-bhaktapur-5558,lalpurja,house,Bhaktapur,5558,Property Details,5 Crore 50 Lakh,Residential,South,2080,Paved,Yes,Semi Furnished,"Bhaktapur, Balkot",5 Crore 50 Lakh,Sale,5.4 Aana,811 square-feet,8 Feet,F 30 Feet,2025 March 7,215,Suryabinayak,2.0,3km,Bhaktapur | Red Cross,1km,6km,20m,3.3km,200m,,,20m,,7km,8km,,,40m,,600m,Balkot,5,1,4,1,2,2.5
https://lalpurjanepal.com.np/properties/semi-bungalow-house-for-sale-at-suryabinayak-nangkhel-5557,lalpurja,house,Bhaktapur,5557,Property Details,2 Crore 35 Lakh,Residential,North-East,2080,Soil Stabilized,Yes,Full Furnished,"Bhaktapur, Suryabinayak",2 Crore 35 Lakh,Sale,3.5 Aana,855.625 square-feet,20 Feet,F 26 Feet,2025 March 7,261,Suryabinayak,9.0,12km,Sipdol Planning,1.5km,15km,200m,6km,300m,,,600m,,16km,17km,,,,,1.4km,Suryabinayak,7,2,3,1,1,2.5
https://lalpurjanepal.com.np/properties/residential-house-on-8-aana-for-sale-at-balkot-height-5551,lalpurja,house,Bhaktapur,5551,Property Details,5 Crore 40 Lakh,Residential,North,2067,Paved,Yes,Semi Furnished,"Bhaktapur, Balkot",5 Crore 40 Lakh,Sale,8.38 Aana,947 square-feet,13 Feet,F 28 Feet,2025 March 7,177,Suryabinayak,2.0,3km,Balkot | Red Cross Height,1km,6km,100m,3.5km,200m,,200m,100m,,7km,8km,,,,,500m,Balkot,5,3,5,3,4,3.5
https://lalpurjanepal.com.np/properties/house-for-sale-at-magargaon-bhaktapur-5494,lalpurja,house,Bhaktapur,5494,Property Details,2 Crore,Commercial,South-East,2077,Paved,Yes,,"Bhaktapur, Sanothimi",2 Crore,Sale,4 Aana,850 square-feet,35 Feet,22 Feet * 27 Feet,2025 March 2,423,Madhyapur Thimi,7.0,7km,Ganesh Temple,1km,8km,100m,4km,300m,500m,,200m,,9km,10km,,,,,1.8km,Sanothimi,6,2,2,,2,2
https://lalpurjanepal.com.np/properties/semi-bungalow-house-for-sale-at-sano-thimi-5410,lalpurja,house,Bhaktapur,5410,Property Details,3 Crore 10 Lakh,Residential,,,Paved,Yes,Semi Furnished,"Bhaktapur, Sanothimi",3 Crore 10 Lakh,Sale,4.81 Aana,918 square-feet,13 Feet,,2025 February 24,439,Madhyapur Thimi,2.0,3.2km,Sano Thimi | Magar Gaun,2.5km,6.5km,100m,3km,200m,100m,,80m,,7.5km,8.5km,,,,,700m,Sanothimi,,,,,,
https://lalpurjanepal.com.np/properties/flat-system-house-for-sale-at-balkot-5280,lalpurja,house,Bhaktapur,5280,Property Details,2 Crore 20 Lakh,Residential,West,2074,Gravelled,Yes,,"Bhaktapur, Balkot",2 Crore 20 Lakh,Sale,3 Aana,1009.64 square-feet,13 Feet,F 31 Feet,2025 February 15,400,Suryabinayak,2.0,4km,Sanjeep Furniture,1.5km,7km,100m,3km,,,,300m,,8km,9km,,,,,800m,Balkot,5,2,3,2,1,2.5
https://lalpurjanepal.com.np/properties/premium-semi-bungalow-for-sale-at-sanothimi-5229,lalpurja,house,Bhaktapur,5229,Property Details,3 Crore 15 Lakh,Residential,West,2019,Paved,Yes,Semi Furnished,"Bhaktapur, Sanothimi",3 Crore 15 Lakh,Sale,5 Aana,925.6 square-feet,11 Feet,F 35 Feet,2025 February 11,317,Madhyapur Thimi,2.0,3.5km,SOS School,1km,6km,50m,3.5km,200m,200m,300m,160m,,7km,8km,,,,,400m,Sanothimi,6,2,3,3,2,3
https://lalpurjanepal.com.np/properties/semi-bungalow-house-on-85-aana-for-sale-at-naya-thimi-5225,lalpurja,house,Bhaktapur,5225,Property Details,4 Crore 50 Lakh,Residential,South,2019,Paved,Yes,Semi Furnished,"Bhaktapur, Bhaktapur",4 Crore 50 Lakh,Sale,8.5 Aana,1000 square-feet,13 Feet,F 33 Feet,2025 February 11,196,Suryabinayak,4.0,5km,Shankar School,500m,7km,100m,1km,200m,300m,,200m,,8km,9km,,,,,700m,Bhaktapur,8,2,4,2,2,
https://lalpurjanepal.com.np/properties/flat-system-house-for-sale-at-kaushaltar-5220,lalpurja,house,Bhaktapur,5220,Property Details,2 Crore 30 Lakh,Residential,North-East,2005,Paved,Yes,,"Bhaktapur, Kausaltar",2 Crore 30 Lakh,Sale,3 Aana,700 square-feet,10 Feet,F 21 Feet,2025 February 11,403,Madhyapur Thimi,3.0,2.7km,Global IME Bank,500m,6km,100m,3.5km,200m,200m,,300m,,7km,8km,,,,,300m,Kausaltar,6,3,5,2,1,3.5
https://lalpurjanepal.com.np/properties/residential-house-for-sale-at-radhe-radhe-5219,lalpurja,house,Bhaktapur,5219,Property Details,3 Crore 50 Lakh,Residential,South,2023,Gravelled,Yes,,"Bhaktapur, Katunje",3 Crore 50 Lakh,Sale,3.4 Aana,801.4 square-feet,13 Feet,F 28 Feet,2025 February 11,248,Suryabinayak,5.0,5.7km,Matina Nasha Chen,700m,7km,100m,600m,200m,500m,,400m,,8km,9km,,,,,2km,Katunje,6,2,3,1,1,3.5
https://lalpurjanepal.com.np/properties/semi-bungalow-house-for-sale-at-balkot-5215,lalpurja,house,Bhaktapur,5215,Property Details,2 Crore 80 Lakh,Residential,North-West,,Soil Stabilized,Yes,Semi Furnished,"Bhaktapur, Balkot",2 Crore 80 Lakh,Sale,3.75 Aana,860 square-feet,13 Feet,F 39 Feet,2025 February 11,279,Suryabinayak,2.0,4km,Sanjeep Furniture,1km,7km,100m,3.2km,100m,,,400m,,8km,9km,,,,,600m,Balkot,6,2,4,3,1,
https://lalpurjanepal.com.np/properties/35-aana-land-for-sale-near-radhe-radhe-5109,lalpurja,house,Bhaktapur,5109,Property Details,40 Lakh Per Aana,Residential,South-East,,Gravelled,Yes,,"Bhaktapur, Katunje",40 Lakh Per Aana,Sale,3.56 Aana,,20 Feet,F 25 Feet,2025 February 4,280,Suryabinayak,5.0,5.5km,Sushila Bhairab Temple,500m,8km,300m,700m,300m,300m,,300m,,9km,10km,,,,,500m,Katunje,,,,,,
https://lalpurjanepal.com.np/properties/south-east-face-house-for-sale-at-thimi-bhaktapur-5075,lalpurja,house,Bhaktapur,5075,Property Details,2 Crore 75 Lakh,Residential,South-East,2075,Paved,Yes,Unfurnished,"Bhaktapur, Madhyapur Thimi",2 Crore 75 Lakh,Sale,4.06 Aana,1847.61 square-feet,13 Feet,F 26 Feet | B 35 Feet | L 54 Feet | R 43 Feet,2025 February 2,639,Madhyapur Thimi,2.0,5.3km,Thimi | Near Nepal Korean Hospital,250m,7km,300m,1.8km,300m,700m,400m,400m,400m,9km,11km,300m,700m,500m,500m,1.3km,Madhyapur Thimi,5,2,3,2,5,2.5
https://lalpurjanepal.com.np/properties/premium-residential-bungalow-for-sale-at-balkot-5050,lalpurja,house,Bhaktapur,5050,Property Details,4 Crore 25 Lakh,Residential,East,2014,Blacktopped,Yes,Semi Furnished,"Bhaktapur, Balkot",4 Crore 25 Lakh,Sale,6.25 Aana,1100 square-feet,13 Feet,F 40 Feet,2025 February 1,325,Suryavinayak,2.0,3.5km,Balkot Police Station,1.5km,7km,50m,3km,100m,,,50m,,8km,9km,,,,,300m,Balkot,5,1,3,1,2,2.5
https://lalpurjanepal.com.np/properties/house-for-sale-at-darjeeling-height-bhaktapur-4990,lalpurja,house,Bhaktapur,4990,Property Details,2 Crore 40 Lakh,Residential,North,2078,Gravelled,Yes,Semi Furnished,"Bhaktapur, Sipadol",2 Crore 40 Lakh,Sale,3.38 Aana,2517 square-feet,13 Feet,F 34 Feet,2025 January 25,736,Suryabinayak,8.0,8.5km,Darjeeling Height Colony,2km,11km,100m,3km,100m,,400m,600m,,12km,13km,,,,400m,2km,Sipadol,6,3,5,3,1,3.5
https://lalpurjanepal.com.np/properties/residential-house-for-sale-around-naya-thimi-4978,lalpurja,house,Bhaktapur,4978,Property Details,1 Crore 80 Lakh,Residential,North-West,2016,Paved,Yes,,"Bhaktapur, Suryabinayak",1 Crore 80 Lakh,Sale,2.5 Aana,700 square-feet,13 Feet,F 26 Feet,2025 January 24,601,Suryavinayak,4.0,6km,Restro Live Sekuwa,800m,8km,40m,1.7km,100m,,,50m,,9km,10km,,,,,1km,Suryabinayak,5,2,3,1,,2.5
https://lalpurjanepal.com.np/properties/residential-house-for-sale-at-radhe-radhe-4976,lalpurja,house,Bhaktapur,4976,Property Details,5 Crore 75 Lakh,Residential,South-West,2021,Gravelled,Yes,,"Bhaktapur, Radhe Radhe",5 Crore 75 Lakh,Sale,5.5 Aana,1700 square-feet,13 Feet,F 26 Feet,2025 January 24,269,Madhyapur Thimi,5.0,6km,Bhatbhateni,700m,8km,100m,300m,100m,,,300m,,9km,10km,,,,,500m,Radhe Radhe,6,2,6,3,1,2.5
https://lalpurjanepal.com.np/properties/beautiful-house-for-sale-at-suryavinayak-4909,lalpurja,house,Bhaktapur,4909,Property Details,2 Crore 80 Lakh,Residential,South-East,2022,Paved,Yes,,"Bhaktapur, Suryabinayak",2 Crore 80 Lakh,Sale,4 Aana,960 square-feet,13 Feet,F 37 Feet,2025 January 21,280,Suryavinayak,8.0,10km,Suryabinayak Ganesh Temple,1.5km,12km,100m,4.2km,200m,,,100m,,13km,14km,,,,,2km,Suryabinayak,8,3,6,3,2,3.5
https://lalpurjanepal.com.np/properties/commercial-residential-houseland-for-sale-at-radhe-radhe-4890,lalpurja,house,Bhaktapur,4890,Property Details,7 Crore 25 Lakh,Commercial,North-West,2019,Gravelled,Yes,Semi Furnished,"Bhaktapur, Radhe Radhe",7 Crore 25 Lakh,Sale,7.51 Aana,984.34 square-feet,7.5 Meter,F 57 Feet,2025 January 20,521,Madhyapur Thimi,5.0,5km,Radhe Radhe Bhatbhateni,1km,7.5km,40m,50m,200m,,,100m,,8.5km,9.5km,,,,,500m,Radhe Radhe,7,2,2,1,1,2
https://lalpurjanepal.com.np/properties/affordable-land-for-sale-at-duwakot-4883,lalpurja,house,Bhaktapur,4883,Property Details,25 Lakh Per Aana,Residential,North,,Gravelled,Yes,,"Bhaktapur, Duwakot",25 Lakh Per Aana,Sale,10 Aana,,11 Feet,F 52 Feet,2025 January 20,397,Changunarayan,2.0,7km,Duwakot | Bors Momo,500m,9.6km,100m,2km,100m,,,100m,,10.6km,11.6km,,,,,1.5km,Duwakot,,,,,,
https://lalpurjanepal.com.np/properties/full-furnished-residential-commercial-building-for-sale-at-bhaktapur-4748,lalpurja,house,Bhaktapur,4748,Property Details,6 Crore 45 Lakh,Commercial,South-East,,Blacktopped,Yes,,"Bhaktapur, Balkot",6 Crore 45 Lakh,Sale,5.5 Aana,948.72 square-feet,23 Feet,F 36 Feet,2025 January 13,649,Suryabinayak,2.0,4.5km,Rose Village,600m,7.5km,20m,2km,300m,,,100m,,8.5km,9.5km,,,,,1km,Balkot,3,2,8,1,8,6
https://lalpurjanepal.com.np/properties/semi-commercial-residential-house-for-sale-at-bhaktapur-4738,lalpurja,house,Bhaktapur,4738,Property Details,6 Crore 15 Lakh,Semi-commercial,West,2021,Paved,Yes,Semi Furnished,"Bhaktapur, Madhyapur Thimi",6 Crore 15 Lakh,Sale,5.85 Aana,107.4 square-meter,13 Feet,F 56 Feet,2025 January 13,167,Madhyapur Thimi,3.0,4.5km,Hanumantey Bridge,500m,7.5km,30m,2.5km,100m,,,100m,,8.5km,9.5km,,,,,1.5km,Madhyapur Thimi,20,7,16,8,2,5.5
https://lalpurjanepal.com.np/properties/residential-house-for-sale-at-tersatar-bhaktapur-4737,lalpurja,house,Bhaktapur,4737,Property Details,2 Crore 40 Lakh,Residential,North-West,2015,Blacktopped,Yes,,"Bhaktapur, Kausaltar",2 Crore 40 Lakh,Sale,3.3 Aana,1000 square-feet,20 Feet,F 28 Feet,2025 January 13,459,Madhyapur Thimi,3.0,3.6km,Amenity English Secondary School,500m,6.5km,50m,3.7km,100m,,,500m,,7.5km,8.5km,,,,,600m,Kausaltar,7,3,5,2,1,3.5
https://lalpurjanepal.com.np/properties/house-for-sale-at-kamerotar-planning-radhe-radhe-bhaktapur-4716,lalpurja,house,Bhaktapur,4716,Property Details,3 Crore 20 Lakh,Residential,West,2024,Blacktopped,Yes,Semi Furnished,"Bhaktapur, Radhe Radhe",3 Crore 20 Lakh,Sale,3.35 Aana,2284 square-feet,20 Feet,F 28 Feet,2025 January 11,452,Madhyapur Thimi,5.0,5km,Bhatbhateni Super Market | Radhe Radhe,500m,5.5km,200m,350m,200m,300m,350m,150m,200m,6km,6.5km,200m,300m,200m,300m,400m,Radhe Radhe,6,2,5,1,1,2.5
https://lalpurjanepal.com.np/properties/residential-house-for-sale-at-bhaktapur-4623,lalpurja,house,Bhaktapur,4623,Property Details,1 Crore 85 Lakh,Residential,North,2023,Soil Stabilized,Yes,,"Bhaktapur, Changunarayan",1 Crore 85 Lakh,Sale,2.6 Aana,,8 Feet,F 19.5 Feet,2025 January 6,256,Changunarayan,9.0,10km,Brahmaini Temple,4.3 km,13km,300m,5.4km,309m,,,400m,,14km,15km,,,,,3.5km,Changunarayan,7,1,3,1,,3.5
https://lalpurjanepal.com.np/properties/4-aana-land-for-sale-at-kaushaltar-4609,lalpurja,house,Bhaktapur,4609,Property Details,45 Lakhs Per Aana,Residential,West,,Paved,Yes,,"Bhaktapur, Kausaltar",45 Lakhs Per Aana,Sale,4 Aana,,13 Feet,F 27 Feet,2025 January 6,296,Madhyapur Thimi,3.0,3km,Hero Showroom,300m,6km,10m,3km,100m,,,200m,,7km,8km,,,,,500m,Kausaltar,,,,,,
https://lalpurjanepal.com.np/properties/residential-house-for-sale-at-balkot-4607,lalpurja,house,Bhaktapur,4607,Property Details,2 Crore 80 Lakhs,Residential,North-East,2021,Paved,Yes,Semi Furnished,"Bhaktapur, Balkot",2 Crore 80 Lakhs,Sale,3.5 Aana,607.32 square-feet,12 Feet,F 30 feet,2025 January 6,366,Suryabinayak,2.0,2.5km,Karunay Fitness,500m,6km,100m,2km,100m,,,50m,,7km,8km,,,,,500m,Balkot,5,2,3,2,1,2.5
https://lalpurjanepal.com.np/properties/house-for-sale-at-gatthaghar-bhaktapur-4553,lalpurja,house,Bhaktapur,4553,Property Details,2 Crore 15 Lakh,Residential,West,2022,Blacktopped,Yes,Unfurnished,"Bhaktapur, Gatthaghar",2 Crore 15 Lakh,Sale,3.45 Aana,1800 square-feet,14 Feet,F 30 feet,2025 January 3,1353,Madhyapur Thimi,5.0,3km,Sagbari | Gatthaghar,250m,5km,200m,2km,300m,400m,250m,250m,300m,5.5km,6km,300m,350m,200m,400m,400m,Gatthaghar,3,2,3,2,1,2.5
https://lalpurjanepal.com.np/properties/house-for-sale-at-gundu-suryabinayak-bhaktapur-4552,lalpurja,house,Bhaktapur,4552,Property Details,2 Crore,Residential,West,2022,Blacktopped,No,Unfurnished,"Bhaktapur, Suryabinayak",2 Crore,Sale,4.75 Aana,2325 square-feet,20 Feet,F 38 feet,2025 January 3,734,Suryabinayak,3.0,3.5km,Old Buspark | Gundu,3.5km,8km,200m,4.5km,300m,1km,500m,50m,1km,8.5km,9km,400m,1.5km,400m,1km,1km,Suryabinayak,7,2,3,2,1,2.5
https://lalpurjanepal.com.np/properties/house-for-sale-at-tallo-height-kmc-hospital-chowk-duwakot-4551,lalpurja,house,Bhaktapur,4551,Property Details,2 Crore 60 Lakh,Residential,North,2019,Gravelled,Yes,Unfurnished,"Bhaktapur, Bhaktapur",2 Crore 60 Lakh,Sale,4.25 Aana,2190 square-feet,16 Feet,F 40 feet,2025 January 3,383,Changunarayan,2.0,5km,KMC Chowk | Tallo Height | Duwakot,200m,5.5km,150m,2km,200m,500m,350m,100m,300m,6km,6.5km,200m,1km,200m,400m,450m,Bhaktapur,5,2,3,2,2,2.5
https://lalpurjanepal.com.np/properties/bungalow-house-for-sale-at-balkot-bhaktapur-4491,lalpurja,house,Bhaktapur,4491,Property Details,4 Crore 25 Lakh,Residential,North-West,2076,Soil Stabilized,Yes,Full Furnished,"Bhaktapur, Balkot",4 Crore 25 Lakh,Sale,6.31 Aana,2600 square-feet,20 Feet,F 66 Feet,2025 January 2,993,Suryabinayak,2.0,4km,Balkot Height | Brihaspati Marg,1.3km,6 km,200m,3.5 km,200m,1km,200m,400 m,200m,8km,9km,300m,500m,700m,600m,300m,Balkot,4,1,5,2,6,2.5
https://lalpurjanepal.com.np/properties/semi-bungalow-house-for-sale-at-balkot-bhaktapur-4470,lalpurja,house,Bhaktapur,4470,Property Details,2 Crore 55 Lakh,Residential,,,Paved,Yes,Semi Furnished,"Bhaktapur, Balkot",2 Crore 55 Lakh,Sale,3.5 Aana,622 square-feet,13 Feet,,2024 December 31,827,Suryabinayak,7.0,4km,Ward Office 03,1.3km,7km,200m,3.5km,200m,,,200m,,8km,9km,,,,,300m,Balkot,,,,,,
https://lalpurjanepal.com.np/properties/house-for-sale-at-lokanthali-bhaktapur-4426,lalpurja,house,Bhaktapur,4426,Property Details,4 Crore 50 Lakh,Semi-commercial,South,2019,Gravelled,No,Unfurnished,"Bhaktapur, Lokanthali",4 Crore 50 Lakh,Sale,3.5 Aana,3200 square-feet,20 Feet,F 29 feet,2024 December 28,369,Madhyapur Thimi Municipality,1.0,400m,Divyaswori Party Palace,250m,3km,150m,1.5km,200m,400m,200m,100m,150m,3.5km,4km,200m,350m,150m,100m,200m,Lokanthali,6,2,5,2,1,4.5
https://lalpurjanepal.com.np/properties/house-for-sale-at-naya-basti-thimi-bhaktapur-4423,lalpurja,house,Bhaktapur,4423,Property Details,2 Crore 65 Lakh,Residential,West,2016,Blacktopped,Yes,Unfurnished,"Bhaktapur, Madhyapur Thimi",2 Crore 65 Lakh,Sale,4 Aana,795 square-feet,30 Feet,F 28 feet,2024 December 28,420,Suryabinayak Municipality,3.0,550m,Madhyapur Thimi | Naya Basti,500m,6km,200m,600m,300m,400m,300m,400m,500m,6.5km,7km,300m,1km,350m,750m,500m,Madhyapur Thimi,5,1,4,2,1,2.5
https://lalpurjanepal.com.np/properties/house-for-sale-at-radhe-radhe-thimi-bhaktapur-4420,lalpurja,house,Bhaktapur,4420,Property Details,4 Crore 50 Lakh,Residential,West,2019,Gravelled,Yes,Unfurnished,"Bhaktapur, Radhe Radhe",4 Crore 50 Lakh,Sale,4 Aana,2627.07 square-feet,13 Feet,F 33 feet,2024 December 28,408,Madhyapur Thimi Municipality,3.0,250m,Bhatbhateni Super Market | Radhe Radhe,300m,6.5km,50m,150m,200m,300m,100m,250m,300m,7km,8km,150m,200m,50m,200m,600m,Radhe Radhe,6,3,4,3,2,3.5
https://lalpurjanepal.com.np/properties/brand-new-house-for-sale-at-balkot-4348,lalpurja,house,Bhaktapur,4348,Property Details,2 Crore 60 Lakh,Residential,West,2024,Blacktopped,Yes,Semi Furnished,"Bhaktapur, Balkot",2 Crore 60 Lakh,Sale,3.75 Aana,800 square-feet,13 Feet,F 41 Feet,2024 December 23,479,Suryabinayak,3.0,,Ward Office 3,3km,8km,200m,5km,300m,,,300m,,9km,10km,,,,,200m,Balkot,9,2,4,,1,3
https://lalpurjanepal.com.np/properties/135-aana-perfect-land-for-sale-at-changunarayan-bhaktapur-4283,lalpurja,house,Bhaktapur,4283,Property Details,21 Lakh Per Aana,Residential,South,,Blacktopped,Yes,,"Bhaktapur, Changunarayan",21 Lakh Per Aana,Sale,13.5 Aana,,26 Feet,32 Feet,2024 December 20,164,Changunarayan,5.0,,Aayan Home,3.4km,15km,300m,6.6km,300m,,,100m,,16km,17km,,,,,1.6km,Changunarayan,,,,,,
https://lalpurjanepal.com.np/properties/full-furnished-bungalow-for-sale-bode-bhaktapur-4127,lalpurja,house,Bhaktapur,4127,Property Details,2 Crore 25 Lakh,Residential,West,2078 BS,Paved,Yes,Semi Furnished,"Bhaktapur, Bode",2 Crore 25 Lakh,Sale,2.9 Aana,63.97 square-meter,13 Feet,F 36 Feet,2024 December 15,861,Madhyapur Thimi,9.0,3km,Nilbarahi Resort,2km,9km,200m,3km,200m,,,,,8km,9km,,,,,800m,Bode,6,1,3,1,1,2.5
https://lalpurjanepal.com.np/properties/full-furnished-bungalow-for-sale-lokanthali-bhaktapur-4088,lalpurja,house,Bhaktapur,4088,Property Details,6 Crore 90 Lakh,Residential,North-East,2072,Gravelled,Yes,Full Furnished,"Bhaktapur, Lokanthali",6 Crore 90 Lakh,Sale,8.5 Aana,2243 square-feet,16 Feet,40 Feet Front Part,2024 December 12,343,,,1.5km,Ward Office Madhyapur Thimi 01,400m,2.8km,100m,3km,300m,300m,,300m,,3.9km,4.5km,,,,,300m,Lokanthali,8,1,6,1,3,2.5
https://lalpurjanepal.com.np/properties/semi-furnished-house-for-sale-darjeeling-height-bhaktapur-4068,lalpurja,house,Bhaktapur,4068,Property Details,2 Crore 90 Lakh,Semi-commercial,North-West,2077 BS,Blacktopped,Yes,,"Bhaktapur, Suryabinayak",2 Crore 90 Lakh,Sale,4.15 Aana,1326.18 square-feet,13 Feet,45 feet - 30 feet,2024 December 11,301,,,,Bhadgaon Sports and Leisure,2km,13km,100m,4.9 km,300m,,,300m,,14km,15km,,,,,1km,Suryabinayak,11,3,4,2,1,3.5
https://lalpurjanepal.com.np/properties/fully-furnished-bungalow-for-sale-radhe-radhe-bhaktapur-4026,lalpurja,house,Bhaktapur,4026,Property Details,5 Crore 75 Lakh,Residential,North,2021,Blacktopped,Yes,Full Furnished,"Bhaktapur, Radhe Radhe",5 Crore 75 Lakh,Sale,5.65 Aana,916 square-feet,7.5 Meter,Width - 27 feet | Length - 34 feet,2024 December 9,336,,,6km,Bhaktapur Bhatbhateni,1km,7km,200m,800m,300m,400m,,500m,,9km,9.8km,,,,,800m,Radhe Radhe,5,1,6,1,2,2.5
https://lalpurjanepal.com.np/properties/3-aana-house-for-sale-bhaktapur-4017,lalpurja,house,Bhaktapur,4017,Property Details,2 Crore,Residential,South-East,2024,Gravelled,Yes,Semi Furnished,"Bhaktapur, Changunarayan",2 Crore,Sale,3 Aana,700.2 square-feet,13 Feet,Width 25 Feet Length 41 Feet,2024 December 8,1009,Changunarayan,3.0,10km,Driving Skill Development Center,2.5 km,5 km,200m,5km,300m,250m,700m,500m,500m,13km,14km,300m,400m,250m,500m,1km,Changunarayan,6,3,5,3,1,3.5
https://lalpurjanepal.com.np/properties/south-facing-house-balkot-bhaktapur-3971,lalpurja,house,Bhaktapur,3971,Property Details,5 Crore 20 Lakh,Residential,South,2064,Soil Stabilized,Yes,Semi Furnished,"Bhaktapur, Balkot",5 Crore 20 Lakh,Sale,10.5 Aana,3839 square-feet,10 Feet,,2024 December 5,247,Suryabinak,2.0,7 km,Balkot | Dhara Pati Chowk,4.3 km,8 km,300 m,3.4 km,300 m,1 km,300 m,100 m,500 m,9.3 km,11 km,400 m,400 m,300 m,200 m,800 m,Balkot,7,2,4,2,5,2.5
https://lalpurjanepal.com.np/properties/bungalow-for-sale-rose-village-balkot-bhaktapur-3967,lalpurja,house,Bhaktapur,3967,Property Details,4 Crore 60 Lakh,Residential,North-East,,Blacktopped,Yes,Semi Furnished,"Bhaktapur, Balkot",4 Crore 60 Lakh,Sale,5.63 Aana,3200 square-feet,20 Feet,,2024 December 5,1714,Suryabinyak,2.0,5.8 km,Balkot | Rose Village Housing,1 km,5.2 km,200 m,1.5 km,300 m,300 m,100 m,10 m,300 m,8.3 km,10 km,200 m,300 m,200 m,300 m,1.5 km,Balkot,3,2,4,2,4,2.5
https://lalpurjanepal.com.np/properties/35-storey-house-for-sale-nekosera-bhaktapur-3965,lalpurja,house,Bhaktapur,3965,Property Details,2 Crore 65 Lakh,Residential,West,2081,Soil Stabilized,Yes,Semi Furnished,"Bhaktapur, Radhe Radhe",2 Crore 65 Lakh,Sale,2.57 Aana,2293.43 square-feet,20 Feet,F 29 Feet,2024 December 5,265,Madhyapur Thimi,9.0,8.2 km,Radhe Radhe | Nekosera,2 km,9.1 km,400 m,900 m,400 m,1.8 km,400 m,200 m,200 m,8.9 km,9.7 km,300 m,300 m,400 m,300 m,2 km,Radhe Radhe,7,3,3,3,3,3.5
https://lalpurjanepal.com.np/properties/east-facing-house-for-sale-bhaktapur-madhyapur-thimi-3839,lalpurja,house,Bhaktapur,3839,Property Details,2 Crore 40 Lakh,Residential,East,2080,Soil Stabilized,Yes,Semi Furnished,"Bhaktapur, Madhyapur Thimi",2 Crore 40 Lakh,Sale,3 Aana,1800 square-feet,13 Feet,F 30 Feet,2024 November 28,338,Madhyapur Thimi,9.0,6.4 km,Bhaktapur | Nekosera,2 km,9.1 km,400 m,900 m,400 m,1.8 km,400 m,300 m,200 m,8.9 km,9.7 km,300 m,300 m,400 m,300 m,2 km,Madhyapur Thimi,5,3,3,3,5,2.5
https://lalpurjanepal.com.np/properties/north-west-facing-house-for-sale-bhaktapur-3834,lalpurja,house,Bhaktapur,3834,Property Details,2 Crore 30 Lakh,Residential,North-West,2076,Gravelled,Yes,Semi Furnished,"Bhaktapur, Madhyapur Thimi",2 Crore 30 Lakh,Sale,4 Aana,1850 square-feet,13 Feet,,2024 November 28,297,Madhyapur Thimi,9.0,3.5 km,Madhyapur Thimi | Nekosera,3.4 km,4.5 km,200 m,2 km,200 m,200 m,200 m,100 m,400 m,9.3 km,11 km,200 m,300 m,100 m,300 m,1.2 km,Madhyapur Thimi,4,2,3,2,4,2.5
https://lalpurjanepal.com.np/properties/east-facing-house-for-sale-kausaltar-bhaktapur-3761,lalpurja,house,Bhaktapur,3761,Property Details,1 Crore 80 Lakh,Residential,East,2055,alley,Yes,Unfurnished,"Bhaktapur, Kausaltar",1 Crore 80 Lakh,Sale,3.45 Aana,1850 square-feet,10 Feet,,2024 November 25,985,Madhyapur Thimi,3.0,2.6 km,Kausaltar | Aryal Tole,2.6 km,4.9 km,300 m,3.5 km,300 m,2 km,300 m,30 m,500 m,6.8 km,9.3 km,400 m,500 m,500 m,700 m,900 m,Kausaltar,5,2,3,2,3,2.5
https://lalpurjanepal.com.np/properties/house-for-sale-dadhikot-bhaktapur-3734,lalpurja,house,Bhaktapur,3734,Property Details,2 Crore 30 Lakh,Residential,South,2016,Gravelled,Yes,Semi Furnished,"Bhaktapur, Dadhikot",2 Crore 30 Lakh,Sale,4.5 Aana,950.25 square-feet,20 Feet,F 34 Feet,2024 November 25,334,Suryabinayak Na. pa.,4.0,2km,Kathmandu School of Law,2km,5km,200m,2km,300m,500m,400m,500m,500m,6km,7km,500m,500m,300m,1km,600m,Dadhikot,13,2,3,1,1,3
https://lalpurjanepal.com.np/properties/house-for-sale-katunje-bhaktapur-3668,lalpurja,house,Bhaktapur,3668,Property Details,1 Crore 68 Lakh,Residential,East,2023,Gravelled,Yes,Semi Furnished,"Bhaktapur, Katunje",1 Crore 68 Lakh,Sale,4 Aana,1026.75 square-feet,10 Feet,27 Feet Face,2024 November 20,411,Suryabinayak Na. Pa.,5.0,6 km,Public Health Office,1.5km,5 km,300m,2km,Unity English School,1km,400m,500m,1km,6km,7km,500m,1km,300m,1km,Suryabinayak Na.pa. ward office 05,Katunje,2,1,1,1,1,1
https://lalpurjanepal.com.np/properties/house-for-sale-at-katunje-bhaktapur-3654,lalpurja,house,Bhaktapur,3654,Property Details,3 Crore and 20 Lakh,Residential,South,2021,Blacktopped,Yes,Semi Furnished,"Bhaktapur, Katunje",3 Crore and 20 Lakh,Sale,4.8 Aana,967.08 square-feet,10 Feet,,2024 November 20,273,Suryabinayak Nagarpalika,5.0,450m,Nabil Bank,1km,4km,150m,1km,250m,250m,100m,450m,450m,4.5km,5km,50m,450m,100m,1km,1km,Katunje,5,3,3,3,3,2.5
https://lalpurjanepal.com.np/properties/house-for-sale-balkot-bhaktapur-3604,lalpurja,house,Bhaktapur,3604,Property Details,3 Crore 55 Lakh,Residential,East,,Blacktopped,Yes,Full Furnished,"Bhaktapur, Suryabinayak",3 Crore 55 Lakh,Sale,4 Aana,3 aana,13 Feet,,2024 November 19,312,,,1.5km,Samridhi Tole,200m,5km,300m,2.5km,300m,300m,200m,150m,200m,4.5km,5.5km,100m,200m,200m,500m,200m,Suryabinayak,11,3,5,3,,3.5
https://lalpurjanepal.com.np/properties/house-for-sale-bhaktapur-3594,lalpurja,house,Bhaktapur,3594,Property Details,1 Crore 35 Lakh,Residential,North,,Gravelled,Yes,Semi Furnished,"Bhaktapur, Suryabinayak",1 Crore 35 Lakh,Sale,4.65 Aana,1625.87 square-feet,20 Feet,,2024 November 18,893,,,3km,Dadhikot Chowk,500m,8.5km,100m,3km,300m,300m,100m,500m,500m,9km,10km,500m,200m,200m,500m,500m,Suryabinayak,5,2,5,2,1,2.5
https://lalpurjanepal.com.np/properties/house-for-sale-chardobato-chowk-3579,lalpurja,house,Bhaktapur,3579,Property Details,3 Crore 50 Lakh,Commercial,East,1994,Blacktopped,Yes,Unfurnished,"Bhaktapur, Bhaktapur",3 Crore 50 Lakh,Sale,3.75 Aana,90 square-meter,31 Feet,14 ft.,2024 November 18,267,Madhyapur Thimi Municipality,15.0,,Chardobato Thimi Chowk,TB Hospital,4km,50 m,1km,100m,Kathmandu School of Law,100m,20m,20m,5km,,20m,50m,20m,100m,200m,Bhaktapur,6,2,3,,,4.5
https://lalpurjanepal.com.np/properties/house-for-sale-ithuli-planning-bhaktapur-3559,lalpurja,house,Bhaktapur,3559,Property Details,2 Crore 70 Lakh,Residential,North,2022 AD,Blacktopped,Yes,Full Furnished,"Bhaktapur, Jagati",2 Crore 70 Lakh,Sale,4 Aana,2979.87 square-feet,20 Feet,F 30 Feet,2024 November 18,284,,,,Maheshwori Banquet | Gorkha Eco Panel,,,,,,,,,,,,,,,,,Jagati,5,2,3,3,2,3
https://lalpurjanepal.com.np/properties/bungalow-for-sale-balkot-bhaktapur-3533,lalpurja,house,Bhaktapur,3533,Property Details,4 Crore 30 Lakh,Residential,North,2073,Soil Stabilized,Yes,Unfurnished,"Bhaktapur, Balkot",4 Crore 30 Lakh,Sale,4.75 Aana,3100 square-feet,13 Feet,F 31 Feet,2024 November 17,290,Suryabinayak,2.0,4.9 km,Aananda Bhumi Marg,2.5 km,4.5 km,400 m,3.7 km,500 m,3 km,500 m,150 m,2 km,9.9 km,10.7 km,400 m,700 m,400 m,500 m,2 km,Balkot,8,3,4,3,5,3.5
https://lalpurjanepal.com.np/properties/house-for-sale-balkot-bhaktapur-3494,lalpurja,house,Bhaktapur,3494,Property Details,3 Crore 45 Lakh,Residential,West,2068,Soil Stabilized,Yes,Unfurnished,"Bhaktapur, Balkot",3 Crore 45 Lakh,Sale,6.5 Aana,2362.83 square-feet,18 Feet,F 38,2024 November 13,621,Suryabinayak,2.0,2 km,Sonikhari Marga,3 km,3.5 km,300 m,2.5 km,300 m,2 km,400 m,400 m,900 m,7 km,9 km,400 m,600 m,500 m,500 m,900 m,Balkot,4,2,4,2,9,2.5
https://lalpurjanepal.com.np/properties/house-for-sale-at-shreejana-nagar-bhaktapur-3289,lalpurja,house,Bhaktapur,3289,Property Details,5 Crore 70 Lakh,Residential,South-West,2075,Blacktopped,Yes,Full Furnished,"Bhaktapur, Sallaghari",5 Crore 70 Lakh,Sale,9.2 Aana,4.5 aana,13 Feet,,2024 October 29,228,Suryabinyak,2.0,6.5km,Shreejana Nagar,2.5 Km,6 Km,300 m,1.5 km,500 m,3 km,300 m,300 m,300 m,8 km,12 km,300 m,500 m,300 m,400 m,1km,Sallaghari,8,2,7,3,10,3.5
https://lalpurjanepal.com.np/properties/house-for-sale-at-lokanthali-bhaktapur-3276,lalpurja,house,Bhaktapur,3276,Property Details,4 Crore 70 Lakh,Commercial,South-East,2074,Blacktopped,Yes,Unfurnished,"Bhaktapur, Lokanthali",4 Crore 70 Lakh,Sale,5.18 Aana,2400 square-feet,20 Feet,,2024 October 27,661,Madhyapur Thimi,1.0,800 m,Eye Hospital,2.5 km,4.5 km,300 m,2 km,500 m,3 km,300 m,300 m,600 m,7.1 km,8 km,300 m,500 m,400 m,500 m,1 km,Lokanthali,7,3,3,3,4,2.5
https://lalpurjanepal.com.np/properties/8-aana-house-for-sale-at-radhe-radhe-ashram-bhaktapur-3241,lalpurja,house,Bhaktapur,3241,Property Details,8 Crore,Residential,South-East,2068,Blacktopped,Yes,Unfurnished,"Bhaktapur, Radhe Radhe",8 Crore,Sale,8 Aana,2450 square-feet,14 Feet,,2024 October 24,384,Madhyapur Thimi,4.0,,Radhe Radhe Ashram,1 km,8.3 km,200 m,100 m,300 m,800 m,200 m,100 m,150 m,9.4 km,10 km,200 m,500 m,200 m,300 m,800 m,Radhe Radhe,5,1,3,1,7,2
https://lalpurjanepal.com.np/properties/3-aana-house-for-sale-at-gatthaghar-bhaktapur-3237,lalpurja,house,Bhaktapur,3237,Property Details,1 Crore 95 Lakh,Residential,South-East,2078,Gravelled,Yes,Semi Furnished,"Bhaktapur, Gatthaghar",1 Crore 95 Lakh,Sale,3 Aana,1800 square-feet,20 Feet,,2024 October 24,926,Madhyapur Thimi,3.0,,Chandreshwori Marga,4 km,6 km,300 m,3 km,300 m,500 m,300 m,150 m,1 km,8 km,12 km,300 m,500 m,300 m,500 m,300 m,Gatthaghar,5,1,3,1,3,2.5
https://lalpurjanepal.com.np/properties/5-aana-1-paisa-2-daam-house-for-sale-at-nikosera-radhe-radhe-bhaktapur-3222,lalpurja,house,Bhaktapur,3222,Property Details,3 Crore 90 Lakh,Residential,South-East,2079,Gravelled,No,Semi Furnished,"Bhaktapur, Radhe Radhe",3 Crore 90 Lakh,Sale,5.13 Aana,3902 square-feet,13 Feet,,2024 October 23,480,Madhyapur Thimi,9.0,4 km,Nikosera Planning,2 km,9.1 km,400 m,900 m,400 m,1.8 km,400 m,200 m,1 km,8.9 km,9.7 km,300 m,400 m,300 m,400 m,2 km,Radhe Radhe,7,2,7,2,10,2.5
https://lalpurjanepal.com.np/properties/35-floor-house-on-sale-at-dibyashwori-town-planning-sano-thimi-bhaktapur-3071,lalpurja,house,Bhaktapur,3071,Property Details,3 Crore 10 Lakh,Residential,West,2081,Blacktopped,No,Semi Furnished,"Bhaktapur, Sanothimi",3 Crore 10 Lakh,Sale,3.2 Aana,,20 Feet,F 26.50 Feet,2024 October 4,2345,Madyapur Thimi,2.0,3 km,Dibyashwori Town Planning,900 m,5.5 km,300 m,1.5 km,300,3 km,300 m,200 m,300 m,7 km,8.5 km,300 m,300 m,300 m,300 m,2 km,Sanothimi,8,3,6,3,4,3.5
https://lalpurjanepal.com.np/properties/north-facing-house-on-sale-at-rose-village-balkot-bhaktapur-3051,lalpurja,house,Bhaktapur,3051,Property Details,5 Crore 50 Lakh,Residential,North,2071,Blacktopped,Yes,Full Furnished,"Bhaktapur, Balkot",5 Crore 50 Lakh,Sale,5.3 Aana,2800 square-feet,20 Feet,,2024 October 3,493,Suryabinyak,2.0,,Rose Village Balkot,1 km,5.2 km,200 m,1.5 km,300 m,300 m,200 m,20 m,300 m,8.3 km,10 km,200 m,300 m,200 m,300 m,1.5 km,Balkot,4,1,6,2,4,2.5
https://lalpurjanepal.com.np/properties/bungalow-on-sale-at-rose-village-balkot-bhaktapur-2911,lalpurja,house,Bhaktapur,2911,Property Details,5 Crore 80 Lakh,Residential,North,2071,Blacktopped,No,Full Furnished,"Bhaktapur, Balkot",5 Crore 80 Lakh,Sale,6.2 Aana,,20 Feet,F 35,2024 September 22,512,Suryabinayak,2.0,4.6 km,Rose Village Housing Society,4.4 km,6.8 km,300 m,2.5 km,300 m,300 m,300 m,50 m,300 m,8.7 km,9.5 km,300 m,300 m,300 m,300 m,500 m,Balkot,5,1,5,1,4,2.5
https://lalpurjanepal.com.np/properties/west-facing-house-for-sale-at-katunje-hight-bhaktapur-2907,lalpurja,house,Bhaktapur,2907,Property Details,1 Crore 50 Lakh,Residential,West,2079,Gravelled,Yes,Unfurnished,"Bhaktapur, Suryabinayak",1 Crore 50 Lakh,Sale,3.02 Aana,725 square-feet,9 Feet,,2024 September 22,481,,,,Pandu Bazzar Katunje,300 m,10 km,300 m,2.3 km,300 m,300 m,300 m,200 m,300 m,12 km,13 km,300 m,300 m,300 m,200 m,300 m,Suryabinayak,6,1,4,2,3,3
https://lalpurjanepal.com.np/properties/west-facing-house-for-sale-at-ranabhat-balkot-bhaktapur-2843,lalpurja,house,Bhaktapur,2843,Property Details,3 Crore 20 Lakh,Residential,South-West,2080,Gravelled,Yes,Full Furnished,"Bhaktapur, Balkot",3 Crore 20 Lakh,Sale,4.1 Aana,2770.07 square-feet,20 Feet,,2024 September 17,674,suryabinayak,3.0,,Ranabhat Tole,4 km,8 km,200 m,3.5 km,300 m,400 m,200 m,250 m,1 km,9.7 km,11.6 km,200 m,1 km,300 m,300 m,1 km,Balkot,6,2,4,2,5,2.5
https://lalpurjanepal.com.np/properties/west-face-house-on-sale-at-balkot-bhaktapur-2798,lalpurja,house,Bhaktapur,2798,Property Details,2 Crore 65 Lakh,Residential,West,2078,Gravelled,Yes,Semi Furnished,"Bhaktapur, Balkot",2 Crore 65 Lakh,Sale,3 Aana,2150 square-feet,13 Feet,F 28 Feet,2024 September 11,432,Suryabinayak,3.0,4.5 km,Balkot | Shree Mahendra School,4.6 km,8.2 km,200 m,3.7 km,300 m,300 m,300 m,100 m,400 m,9.9 km,12 km,300 m,300 m,300 m,300 m,400 m,Balkot,6,2,3,2,3,2.5
https://lalpurjanepal.com.np/properties/house-on-sale-at-madhyapur-thimi-bhaktapur-2795,lalpurja,house,Bhaktapur,2795,Property Details,5 Crore,Residential,East,2074,Blacktopped,Yes,Semi Furnished,"Bhaktapur, Radhe Radhe",5 Crore,Sale,6.11 Aana,,20 Feet,,2024 September 10,402,Madhyapur Thimi,,,Madhyapur Thimi,300 m,7.7 km,200 m,1.2 km,200 m,200 m,200 m,30 m,500 m,9.3 km,11 km,200 m,300 m,100 m,300 m,1.2 km,Radhe Radhe,4,1,5,3,4,2.5
https://lalpurjanepal.com.np/properties/north-face-house-on-sale-at-sano-thimi-madhyapur-bhaktapur-2760,lalpurja,house,Bhaktapur,2760,Property Details,3 Crore,Residential,North,2076,Paved,No,Unfurnished,"Bhaktapur, Madhyapur Thimi",3 Crore,Sale,3.1 Aana,,13 Feet,,2024 September 5,323,Madhyapur Thimi,2.0,,"Munal Marga, Sano Thimi","7 Minutes, Thimi Health Post",7.4 Km,200 M,6.4 Km,50 M,50 M,30 M,150 M,150 M,6.5 km,7.3 Km,200 M,300 M,200 M,200 M,200 M,Madhyapur Thimi,6,2,3,1,3,3
https://lalpurjanepal.com.np/properties/house-on-sale-at-pepsicola-kadaghari-gothatar-2749,lalpurja,house,Bhaktapur,2749,Property Details,4 Crore 65 Lakh,Residential,East,2064,Blacktopped,Yes,Semi Furnished,"Bhaktapur, Radhe Radhe",4 Crore 65 Lakh,Sale,4.33 Aana,2104 aana,20 Feet,,2024 September 4,179,Madhyapur Thimi,3.0,5 km,Nekosera | Radhe Radhe,2 km,9.5 km,300 m,800 m,300 m,2 km,300 m,200 m,800 m,9 km,10 km,300 m,500 m,300 m,300 m,500 m,Radhe Radhe,5,1,5,2,4,2.5
https://lalpurjanepal.com.np/properties/house-sale-sano-thimi-dunche-pakha-bhaktapur-2745,lalpurja,house,Bhaktapur,2745,Property Details,3 Crore 30 Lakh,Residential,South-West,2074,Gravelled,Yes,Unfurnished,"Bhaktapur, Sanothimi",3 Crore 30 Lakh,Sale,4.3 Aana,4 aana,10 Feet,,2024 September 4,249,Madhyapur Thimi,5.0,5 km,Sano Thimi | Dunche Pakha,2 km,5 km,300 m,3.5 km,300 m,2 km,300 m,100 m,1 km,6 km,7 km,300 m,800 m,300 m,200 m,900 m,Sanothimi,8,3,8,3,4,3.5
https://lalpurjanepal.com.np/properties/house-for-sale-at-radhe-radhe-2679,lalpurja,house,Bhaktapur,2679,Property Details,3 Crore 70 Lakh,Residential,South-East,,Soil Stabilized,Yes,Unfurnished,"Bhaktapur, Radhe Radhe",3 Crore 70 Lakh,Sale,3.2 Aana,3.2 aana,26 Feet,,2024 August 29,435,,,,,200m,8.1km,100m,400m,200m,200m,,200m,200m,9km,,200m,200m,250m,250m,,Radhe Radhe,4,2,4,2,1,4.5
